MSSubClass,LotFrontage,LotArea,Street,OverallQual,OverallCond,MasVnrArea,BsmtFinSF1,BsmtUnfSF,TotalBsmtSF,1stFlrSF,2ndFlrSF,LowQualFinSF,GrLivArea,BsmtFullBath,BsmtHalfBath,FullBath,HalfBath,BedroomAbvGr,KitchenAbvGr,TotRmsAbvGrd,Fireplaces,GarageCars,GarageArea,MoSold,SalePrice
60,65.0,8450,Pave,7,5,196.0,706,150,856,856,854,0,1710,1,0,2,1,3,1,8,0,2,548,2,208500
20,80.0,9600,Pave,6,8,0.0,978,284,1262,1262,0,0,1262,0,1,2,0,3,1,6,1,2,460,5,181500
60,68.0,11250,Pave,7,5,162.0,486,434,920,920,866,0,1786,1,0,2,1,3,1,6,1,2,608,9,223500
70,60.0,9550,Pave,7,5,0.0,216,540,756,961,756,0,1717,1,0,1,0,3,1,7,1,3,642,2,140000
60,84.0,14260,Pave,8,5,350.0,655,490,1145,1145,1053,0,2198,1,0,2,1,4,1,9,1,3,836,12,250000
50,85.0,14115,Pave,5,5,0.0,732,64,796,796,566,0,1362,1,0,1,1,1,1,5,0,2,480,10,143000
20,75.0,10084,Pave,8,5,186.0,1369,317,1686,1694,0,0,1694,1,0,2,0,3,1,7,1,2,636,8,307000
60,,10382,Pave,7,6,240.0,859,216,1107,1107,983,0,2090,1,0,2,1,3,1,7,2,2,484,11,200000
50,51.0,6120,Pave,7,5,0.0,0,952,952,1022,752,0,1774,0,0,2,0,2,2,8,2,2,468,4,129900
190,50.0,7420,Pave,5,6,0.0,851,140,991,1077,0,0,1077,1,0,1,0,2,2,5,2,1,205,1,118000
20,70.0,11200,Pave,5,5,0.0,906,134,1040,1040,0,0,1040,1,0,1,0,3,1,5,0,1,384,2,129500
60,85.0,11924,Pave,9,5,286.0,998,177,1175,1182,1142,0,2324,1,0,3,0,4,1,11,2,3,736,7,345000
20,,12968,Pave,5,6,0.0,737,175,912,912,0,0,912,1,0,1,0,2,1,4,0,1,352,9,144000
20,91.0,10652,Pave,7,5,306.0,0,1494,1494,1494,0,0,1494,0,0,2,0,3,1,7,1,3,840,8,279500
20,,10920,Pave,6,5,212.0,733,520,1253,1253,0,0,1253,1,0,1,1,2,1,5,1,1,352,5,157000
45,51.0,6120,Pave,7,8,0.0,0,832,832,854,0,0,854,0,0,1,0,2,1,5,0,2,576,7,132000
20,,11241,Pave,6,7,180.0,578,426,1004,1004,0,0,1004,1,0,1,0,2,1,5,1,2,480,3,149000
90,72.0,10791,Pave,4,5,0.0,0,0,0,1296,0,0,1296,0,0,2,0,2,2,6,0,2,516,10,90000
20,66.0,13695,Pave,5,5,0.0,646,468,1114,1114,0,0,1114,1,0,1,1,3,1,6,0,2,576,6,159000
20,70.0,7560,Pave,5,6,0.0,504,525,1029,1339,0,0,1339,0,0,1,0,3,1,6,0,1,294,5,139000
60,101.0,14215,Pave,8,5,380.0,0,1158,1158,1158,1218,0,2376,0,0,3,1,4,1,9,1,3,853,11,325300
45,57.0,7449,Pave,7,7,0.0,0,637,637,1108,0,0,1108,0,0,1,0,3,1,6,1,1,280,6,139400
20,75.0,9742,Pave,8,5,281.0,0,1777,1777,1795,0,0,1795,0,0,2,0,3,1,7,1,2,534,9,230000
120,44.0,4224,Pave,5,7,0.0,840,200,1040,1060,0,0,1060,1,0,1,0,3,1,6,1,2,572,6,129900
20,,8246,Pave,5,8,0.0,188,204,1060,1060,0,0,1060,1,0,1,0,3,1,6,1,1,270,5,154000
20,110.0,14230,Pave,8,5,640.0,0,1566,1566,1600,0,0,1600,0,0,2,0,3,1,7,1,3,890,7,256300
20,60.0,7200,Pave,5,7,0.0,234,180,900,900,0,0,900,0,1,1,0,3,1,5,0,2,576,5,134800
20,98.0,11478,Pave,8,5,200.0,1218,486,1704,1704,0,0,1704,1,0,2,0,3,1,7,1,3,772,5,306000
20,47.0,16321,Pave,5,6,0.0,1277,207,1484,1600,0,0,1600,1,0,1,0,2,1,6,2,1,319,12,207500
30,60.0,6324,Pave,4,6,0.0,0,520,520,520,0,0,520,0,0,1,0,1,1,4,0,1,240,5,68500
70,50.0,8500,Pave,4,4,0.0,0,649,649,649,668,0,1317,0,0,1,0,3,1,6,0,1,250,7,40000
20,,8544,Pave,5,6,0.0,0,1228,1228,1228,0,0,1228,0,0,1,1,3,1,6,0,1,271,6,149350
20,85.0,11049,Pave,8,5,0.0,0,1234,1234,1234,0,0,1234,0,0,2,0,3,1,7,0,2,484,1,179900
20,70.0,10552,Pave,5,5,0.0,1018,380,1398,1700,0,0,1700,0,1,1,1,4,1,6,1,2,447,4,165500
120,60.0,7313,Pave,9,5,246.0,1153,408,1561,1561,0,0,1561,1,0,2,0,2,1,6,1,2,556,8,277500
60,108.0,13418,Pave,8,5,132.0,0,1117,1117,1132,1320,0,2452,0,0,3,1,4,1,9,1,3,691,9,309000
20,112.0,10859,Pave,5,5,0.0,0,1097,1097,1097,0,0,1097,0,0,1,1,3,1,6,0,2,672,6,145000
20,74.0,8532,Pave,5,6,650.0,1213,84,1297,1297,0,0,1297,0,1,1,0,3,1,5,1,2,498,10,153000
20,68.0,7922,Pave,5,7,0.0,731,326,1057,1057,0,0,1057,1,0,1,0,3,1,5,0,1,246,1,109000
90,65.0,6040,Pave,4,5,0.0,0,0,0,1152,0,0,1152,0,0,2,0,2,2,6,0,0,0,6,82000
20,84.0,8658,Pave,6,5,101.0,643,445,1088,1324,0,0,1324,0,0,2,0,3,1,6,1,2,440,12,160000
20,115.0,16905,Pave,5,6,0.0,967,383,1350,1328,0,0,1328,0,1,1,1,2,1,5,2,1,308,7,170000
85,,9180,Pave,5,7,0.0,747,0,840,884,0,0,884,1,0,1,0,2,1,5,0,2,504,12,144000
20,,9200,Pave,5,6,0.0,280,167,938,938,0,0,938,1,0,1,0,3,1,5,0,1,308,7,130250
20,70.0,7945,Pave,5,6,0.0,179,465,1150,1150,0,0,1150,1,0,1,0,3,1,6,0,1,300,5,141000
120,61.0,7658,Pave,9,5,412.0,456,1296,1752,1752,0,0,1752,1,0,2,0,2,1,6,1,2,576,2,319900
50,48.0,12822,Pave,7,5,0.0,1351,83,1434,1518,631,0,2149,1,0,1,1,1,1,6,1,2,670,8,239686
20,84.0,11096,Pave,8,5,0.0,24,1632,1656,1656,0,0,1656,0,0,2,0,3,1,7,0,3,826,7,249700
190,33.0,4456,Pave,4,5,0.0,0,736,736,736,716,0,1452,0,0,2,0,2,3,8,0,0,0,6,113000
20,66.0,7742,Pave,5,7,0.0,763,192,955,955,0,0,955,1,0,1,0,3,1,6,0,1,386,1,127000
60,,13869,Pave,6,6,0.0,182,612,794,794,676,0,1470,0,1,2,0,3,1,6,0,2,388,7,177000
50,52.0,6240,Pave,6,6,0.0,0,816,816,816,0,360,1176,0,0,1,0,3,1,6,1,2,528,9,114500
90,110.0,8472,Grvl,5,5,0.0,104,0,816,816,0,0,816,1,0,1,0,2,1,5,0,2,516,5,110000
20,68.0,50271,Pave,9,5,0.0,1810,32,1842,1842,0,0,1842,2,0,0,1,0,1,5,1,3,894,11,385000
80,60.0,7134,Pave,5,5,0.0,384,0,384,1360,0,0,1360,0,0,1,0,3,1,6,1,2,572,2,130000
20,100.0,10175,Pave,6,5,272.0,490,935,1425,1425,0,0,1425,0,0,2,0,3,1,7,1,2,576,7,180500
160,24.0,2645,Pave,8,5,456.0,649,321,970,983,756,0,1739,1,0,2,1,3,1,7,0,2,480,8,172500
60,89.0,11645,Pave,7,5,0.0,0,860,860,860,860,0,1720,0,0,2,1,3,1,7,0,2,565,8,196500
60,66.0,13682,Pave,10,5,1031.0,0,1410,1410,1426,1519,0,2945,0,0,3,1,3,1,10,1,3,641,10,438780
20,60.0,7200,Pave,5,7,0.0,632,148,780,780,0,0,780,0,0,1,0,2,1,4,0,1,352,1,124900
20,63.0,13072,Pave,6,5,0.0,941,217,1158,1158,0,0,1158,1,0,1,1,3,1,5,0,2,576,5,158000
75,60.0,7200,Pave,5,7,0.0,0,530,530,581,530,0,1111,0,0,1,0,3,1,6,0,1,288,3,101000
120,44.0,6442,Pave,8,5,178.0,24,1346,1370,1370,0,0,1370,0,0,2,0,2,1,6,1,2,484,10,202500
70,50.0,10300,Pave,7,6,0.0,0,576,576,902,808,0,1710,0,0,2,0,3,1,9,0,2,480,4,140000
60,,9375,Pave,7,5,573.0,739,318,1057,1057,977,0,2034,1,0,2,1,3,1,8,0,2,645,2,219500
60,76.0,9591,Pave,8,5,344.0,0,1143,1143,1143,1330,0,2473,0,0,2,1,4,1,9,1,3,852,10,317000
20,,19900,Pave,7,5,287.0,912,1035,1947,2207,0,0,2207,1,0,2,0,3,1,7,1,2,576,7,180000
20,72.0,10665,Pave,7,5,167.0,1013,440,1453,1479,0,0,1479,1,0,2,0,3,1,7,0,2,558,6,226000
30,47.0,4608,Pave,4,6,0.0,0,747,747,747,0,0,747,0,0,1,0,2,1,4,0,1,220,6,80000
50,81.0,15593,Pave,7,4,0.0,603,701,1304,1304,983,0,2287,0,0,2,0,3,1,7,1,2,667,7,225000
20,95.0,13651,Pave,7,6,1115.0,1880,343,2223,2223,0,0,2223,1,0,2,0,3,1,8,2,2,516,2,244000
20,69.0,7599,Pave,4,6,0.0,565,280,845,845,0,0,845,1,0,1,0,2,1,4,0,2,360,6,129500
60,74.0,10141,Pave,7,5,40.0,0,832,832,885,833,0,1718,0,0,2,1,3,1,7,1,2,427,12,185000
20,85.0,10200,Pave,5,7,104.0,320,404,1086,1086,0,0,1086,1,0,1,0,3,1,6,0,2,490,5,144900
50,60.0,5790,Pave,3,6,0.0,0,840,840,840,765,0,1605,0,0,2,0,3,2,8,0,1,379,5,107400
180,21.0,1596,Pave,4,5,0.0,462,0,462,526,462,0,988,1,0,1,0,2,1,5,0,1,297,11,91000
20,,8475,Pave,4,7,0.0,228,724,952,952,0,0,952,0,0,1,0,2,1,4,0,1,283,4,135750
50,50.0,8635,Pave,5,5,0.0,336,295,672,1072,213,0,1285,1,0,1,0,2,1,6,0,1,240,1,127000
90,72.0,10778,Pave,4,5,0.0,0,1768,1768,1768,0,0,1768,0,0,2,0,4,2,8,0,0,0,4,136500
50,60.0,10440,Pave,5,6,0.0,0,440,440,682,548,0,1230,0,0,1,1,2,1,5,0,2,440,5,110000
60,100.0,13000,Pave,6,6,576.0,448,448,896,1182,960,0,2142,0,0,2,1,4,1,8,1,1,509,6,193500
120,32.0,4500,Pave,6,5,443.0,1201,36,1237,1337,0,0,1337,1,0,2,0,2,1,5,0,2,405,3,153500
20,78.0,10206,Pave,8,5,468.0,33,1530,1563,1563,0,0,1563,0,0,2,0,3,1,6,1,3,758,10,245000
20,80.0,8892,Pave,5,5,66.0,0,1065,1065,1065,0,0,1065,0,0,1,1,3,1,6,0,2,461,7,126500
80,,8530,Pave,7,5,22.0,0,384,384,804,670,0,1474,0,0,2,1,3,1,7,1,2,400,5,168500
60,121.0,16059,Pave,8,5,284.0,0,1288,1288,1301,1116,0,2417,0,0,2,1,4,1,9,1,2,462,4,260000
60,122.0,11911,Pave,6,5,0.0,0,684,684,684,876,0,1560,0,0,2,1,3,1,6,1,2,400,3,174000
160,40.0,3951,Pave,6,5,76.0,0,612,612,612,612,0,1224,0,0,2,1,2,1,4,0,2,528,6,164500
50,105.0,8470,Pave,3,2,0.0,0,1013,1013,1013,0,513,1526,0,0,1,0,2,1,6,0,0,0,10,85000
20,60.0,8070,Pave,4,5,0.0,588,402,990,990,0,0,990,1,0,1,0,3,1,5,0,0,0,8,123600
20,60.0,7200,Pave,4,5,0.0,0,0,0,1040,0,0,1040,0,0,1,0,2,1,4,0,2,420,7,109900
20,85.0,8500,Pave,5,3,203.0,600,635,1235,1235,0,0,1235,0,0,1,0,2,1,6,0,2,480,12,98600
30,80.0,13360,Pave,5,7,0.0,713,163,876,964,0,0,964,1,0,1,0,2,1,5,0,2,432,8,163500
190,60.0,7200,Pave,6,6,0.0,1046,168,1214,1260,1031,0,2291,0,1,2,0,4,2,9,1,2,506,11,133900
60,69.0,9337,Pave,6,5,0.0,648,176,824,905,881,0,1786,1,0,2,1,3,1,7,0,2,684,5,204750
60,,9765,Pave,6,8,68.0,310,370,680,680,790,0,1470,0,0,2,1,3,1,6,1,2,420,4,185000
20,78.0,10264,Pave,7,5,183.0,1162,426,1588,1588,0,0,1588,0,0,2,0,3,1,6,0,2,472,8,214000
20,73.0,10921,Pave,4,5,48.0,520,440,960,960,0,0,960,1,0,1,0,3,1,6,0,1,432,5,94750
30,85.0,10625,Pave,5,5,0.0,108,350,458,835,0,0,835,0,0,1,0,2,1,5,0,1,366,5,83000
20,77.0,9320,Pave,4,5,0.0,569,381,950,1225,0,0,1225,1,0,1,1,3,1,6,0,0,0,1,128950
20,,10603,Pave,6,7,28.0,1200,410,1610,1610,0,0,1610,1,0,2,0,3,1,6,2,2,480,2,205000
60,77.0,9206,Pave,6,5,336.0,0,741,741,977,755,0,1732,0,0,2,1,3,1,7,1,2,476,6,178000
90,64.0,7018,Pave,5,5,0.0,0,0,0,1535,0,0,1535,0,0,2,0,4,2,8,0,2,410,6,118964
20,94.0,10402,Pave,7,5,0.0,0,1226,1226,1226,0,0,1226,0,0,2,0,3,1,6,0,3,740,5,198900
50,,7758,Pave,7,4,600.0,224,816,1040,1226,592,0,1818,0,0,1,1,4,1,7,2,1,240,6,169500
60,75.0,9375,Pave,8,5,768.0,0,1053,1053,1053,939,0,1992,0,0,2,1,3,1,9,1,2,648,8,250000
30,60.0,10800,Pave,4,7,0.0,0,641,641,1047,0,0,1047,0,0,1,0,2,1,6,0,1,273,8,100000
20,50.0,6000,Pave,5,5,0.0,104,516,789,789,0,0,789,0,0,1,0,2,1,5,0,1,250,4,115000
50,85.0,8500,Pave,5,7,0.0,0,793,793,997,520,0,1517,0,0,2,0,3,1,7,0,0,0,8,115000
20,105.0,11751,Pave,6,6,480.0,705,1139,1844,1844,0,0,1844,0,0,2,0,3,1,7,1,2,546,1,190000
50,75.0,9525,Pave,6,4,0.0,444,550,994,1216,639,0,1855,0,0,2,0,4,1,7,0,1,325,10,136900
80,,7750,Pave,7,5,0.0,250,134,384,774,656,0,1430,0,0,2,1,3,1,7,1,2,400,4,180000
60,77.0,9965,Pave,7,5,220.0,984,280,1264,1282,1414,0,2696,1,0,2,1,4,1,10,1,3,792,10,383970
20,,21000,Pave,6,5,184.0,35,905,1809,2259,0,0,2259,1,0,2,0,3,1,7,2,2,450,10,217000
70,61.0,7259,Pave,6,8,0.0,774,104,1028,1436,884,0,2320,1,0,2,1,3,1,9,1,1,180,7,259500
160,34.0,3230,Pave,6,5,1129.0,419,310,729,729,729,0,1458,0,0,2,1,2,1,5,1,2,440,6,176000
20,,11616,Pave,5,5,116.0,170,252,1092,1092,0,0,1092,0,1,1,0,3,1,6,1,1,288,9,139000
20,74.0,8536,Pave,5,5,0.0,0,1125,1125,1125,0,0,1125,0,0,1,1,2,1,5,0,2,430,4,155000
60,90.0,12376,Pave,7,5,0.0,1470,203,1673,1699,1523,0,3222,1,0,3,0,5,1,11,2,3,594,5,320000
60,65.0,8461,Pave,6,5,0.0,0,728,728,728,728,0,1456,0,0,2,1,3,1,8,1,2,390,7,163990
80,,21453,Pave,6,5,0.0,938,0,938,988,0,0,988,1,0,1,0,1,1,4,2,2,540,10,180000
50,50.0,6060,Pave,4,5,0.0,0,732,732,772,351,0,1123,0,0,1,0,3,1,4,0,1,264,6,100000
20,75.0,9464,Pave,6,7,135.0,570,510,1080,1080,0,0,1080,0,0,1,0,3,1,5,0,1,288,6,136000
120,55.0,7892,Pave,6,5,0.0,300,899,1199,1199,0,0,1199,0,0,2,0,2,1,5,0,2,530,3,153900
20,48.0,17043,Pave,6,5,0.0,0,1362,1362,1586,0,0,1586,0,0,2,0,3,1,7,1,2,435,1,181000
190,60.0,6780,Pave,6,8,0.0,490,30,520,520,0,234,754,1,0,1,0,2,1,5,0,0,0,6,84500
120,,4928,Pave,6,5,0.0,120,958,1078,958,0,0,958,0,0,2,0,2,1,5,1,2,440,2,128000
45,55.0,4388,Pave,5,7,0.0,116,556,672,840,0,0,840,0,0,1,0,3,1,5,1,0,0,6,87000
60,69.0,7590,Pave,6,5,266.0,512,148,660,660,688,0,1348,0,0,1,1,3,1,6,1,2,453,7,155000
20,69.0,8973,Pave,5,7,85.0,567,413,1008,1053,0,0,1053,0,1,1,1,3,1,6,0,2,750,7,150000
60,88.0,14200,Pave,7,6,309.0,445,479,924,1216,941,0,2157,0,0,2,1,4,1,8,2,2,487,5,226000
60,,12224,Pave,6,5,40.0,695,297,992,1022,1032,0,2054,1,0,2,1,3,1,7,1,2,390,7,244000
20,75.0,7388,Pave,5,6,0.0,405,658,1063,1327,0,0,1327,1,0,1,0,3,1,7,0,2,624,7,150750
20,,6853,Pave,8,5,136.0,1005,262,1267,1296,0,0,1296,1,0,2,0,2,1,6,0,2,471,6,220000
20,78.0,10335,Pave,5,6,0.0,570,891,1461,1721,0,0,1721,0,0,2,1,3,1,7,1,2,440,7,180000
20,80.0,10400,Pave,7,6,288.0,0,1304,1304,1682,0,0,1682,0,0,2,0,3,1,7,1,2,530,5,174000
20,,10355,Pave,5,5,196.0,695,519,1214,1214,0,0,1214,0,0,2,0,3,1,5,1,1,318,7,143000
90,82.0,11070,Pave,7,5,70.0,0,1907,1907,1959,0,0,1959,0,0,3,0,5,2,9,0,3,766,7,171000
60,73.0,9066,Pave,8,5,320.0,668,336,1004,1004,848,0,1852,0,0,2,1,3,1,7,2,3,660,12,230000
60,65.0,15426,Pave,6,5,0.0,821,107,928,928,836,0,1764,1,0,2,1,3,1,7,0,2,470,8,231500
20,70.0,10500,Pave,4,5,0.0,432,432,864,864,0,0,864,0,0,1,0,3,1,5,1,0,0,4,115000
20,78.0,11645,Pave,7,5,0.0,1300,434,1734,1734,0,0,1734,1,0,2,0,3,1,7,0,2,660,1,260000
50,71.0,8520,Pave,5,4,0.0,507,403,910,910,475,0,1385,0,0,2,0,4,1,6,0,2,720,6,166000
20,78.0,10335,Pave,7,5,183.0,679,811,1490,1501,0,0,1501,1,0,2,0,3,1,6,0,2,577,6,204000
90,70.0,9100,Pave,5,5,336.0,1332,396,1728,1728,0,0,1728,1,0,2,0,6,2,10,0,2,504,11,125000
160,24.0,2522,Pave,6,5,50.0,0,970,970,970,739,0,1709,0,0,2,0,3,1,7,0,2,380,4,130000
30,51.0,6120,Pave,5,7,0.0,209,506,715,875,0,0,875,1,0,1,0,2,1,5,0,1,180,11,105000
60,,9505,Pave,7,5,180.0,0,884,884,884,1151,0,2035,0,0,2,1,3,1,8,1,2,434,5,222500
20,63.0,7500,Pave,7,5,120.0,680,400,1080,1080,0,0,1080,1,0,1,0,3,1,6,0,0,0,4,141000
50,,6240,Pave,5,4,0.0,0,896,896,896,448,0,1344,0,0,1,0,3,1,7,0,1,240,4,115000
20,120.0,10356,Pave,5,6,0.0,716,253,969,969,0,0,969,0,0,1,1,3,1,5,0,2,440,1,122000
20,107.0,13891,Pave,8,5,436.0,1400,310,1710,1710,0,0,1710,1,0,2,0,2,1,6,1,3,866,1,372402
60,,14803,Pave,6,5,252.0,416,409,825,1097,896,0,1993,0,0,2,1,4,1,8,1,2,495,6,190000
20,,13500,Pave,6,7,0.0,429,93,1602,1252,0,0,1252,1,0,1,0,1,1,4,1,2,564,3,235000
30,84.0,11340,Pave,6,5,0.0,0,1200,1200,1200,0,0,1200,0,0,1,0,4,1,7,0,1,312,3,125000
50,60.0,9600,Pave,6,5,0.0,0,572,572,572,524,0,1096,0,0,1,0,2,1,5,0,0,0,4,79000
20,60.0,7200,Pave,5,7,0.0,0,0,0,1040,0,0,1040,0,0,1,0,2,1,5,0,2,625,6,109500
60,92.0,12003,Pave,8,5,84.0,0,774,774,774,1194,0,1968,0,0,2,1,4,1,8,1,3,680,5,269500
60,100.0,12552,Pave,7,5,0.0,222,769,991,991,956,0,1947,0,0,2,1,3,1,8,1,2,678,5,254900
60,134.0,19378,Pave,7,5,456.0,57,1335,1392,1392,1070,0,2462,1,0,2,1,4,1,9,1,2,576,3,320000
20,,11120,Pave,6,6,0.0,660,572,1232,1232,0,0,1232,0,0,2,0,3,1,6,0,2,516,6,162500
60,110.0,13688,Pave,9,5,664.0,1016,556,1572,1572,1096,0,2668,1,0,2,1,3,1,10,2,3,726,3,412500
20,95.0,12182,Pave,7,5,226.0,1201,340,1541,1541,0,0,1541,0,0,2,0,3,1,7,1,2,532,5,220000
45,55.0,5500,Pave,4,6,0.0,0,882,882,882,0,0,882,0,0,1,0,1,1,4,0,0,0,4,103200
40,40.0,5400,Pave,6,7,0.0,370,779,1149,1149,467,0,1616,0,0,2,0,3,1,5,0,1,216,10,152000
190,62.0,10106,Pave,5,7,0.0,351,112,644,808,547,0,1355,1,0,2,0,4,2,6,0,0,0,9,127500
20,,10708,Pave,5,5,0.0,379,470,1617,1867,0,0,1867,1,0,1,0,2,1,7,3,1,303,11,190000
60,86.0,10562,Pave,8,5,300.0,1288,294,1582,1610,551,0,2161,1,0,1,1,3,1,8,1,3,789,11,325624
60,62.0,8244,Pave,7,5,0.0,0,840,840,840,880,0,1720,0,0,2,1,3,1,7,1,2,440,5,183500
20,,16669,Pave,8,6,653.0,0,1686,1686,1707,0,0,1707,0,0,2,1,2,1,6,1,2,511,1,228000
50,,12358,Pave,5,6,0.0,360,360,720,854,0,528,1382,0,0,1,1,2,1,7,0,2,660,5,128500
20,141.0,31770,Pave,6,5,112.0,639,441,1080,1656,0,0,1656,1,0,1,0,3,1,7,2,2,528,5,215000
160,44.0,5306,Pave,7,7,0.0,495,354,1064,1064,703,0,1767,1,0,2,0,2,1,5,1,2,504,6,239000
20,80.0,10197,Pave,6,5,491.0,288,700,1362,1362,0,0,1362,1,0,1,1,3,1,6,1,2,504,6,163000
20,47.0,12416,Pave,6,5,132.0,1398,0,1606,1651,0,0,1651,1,0,2,0,3,1,7,1,2,616,11,184000
20,84.0,12615,Pave,6,7,0.0,477,725,1202,2158,0,0,2158,1,0,2,0,4,1,7,1,2,576,6,243000
60,97.0,10029,Pave,6,5,268.0,831,320,1151,1164,896,0,2060,0,1,2,1,4,1,8,1,2,521,9,211000
50,,13650,Pave,5,5,0.0,57,554,1052,1252,668,0,1920,1,0,2,0,4,1,8,1,2,451,7,172500
20,63.0,17423,Pave,9,5,748.0,1904,312,2216,2234,0,0,2234,1,0,2,0,1,1,9,1,3,1166,7,501837
30,60.0,8520,Pave,5,6,0.0,0,968,968,968,0,0,968,0,0,1,0,2,1,5,0,2,480,7,100000
160,,2117,Pave,6,5,456.0,436,320,756,769,756,0,1525,0,0,2,1,3,1,5,1,2,440,6,177000
70,54.0,7588,Pave,7,6,0.0,352,441,793,901,901,0,1802,0,0,1,1,4,1,9,1,1,216,7,200100
20,60.0,9060,Pave,5,6,98.0,0,0,0,1340,0,0,1340,0,0,1,0,3,1,7,1,1,252,6,120000
50,63.0,11426,Pave,7,5,0.0,0,1362,1362,1362,720,0,2082,0,0,2,1,3,1,6,0,2,484,6,200000
50,92.0,7438,Pave,5,8,0.0,0,504,504,936,316,0,1252,0,0,1,0,3,1,5,0,2,576,6,127000
75,90.0,22950,Pave,10,9,0.0,0,1107,1107,1518,1518,572,3608,0,0,2,1,4,1,12,2,3,840,6,475000
80,,9947,Pave,7,5,0.0,611,577,1188,1217,0,0,1217,1,0,2,0,3,1,6,0,2,497,6,173000
50,60.0,10410,Pave,5,7,0.0,0,660,660,808,704,144,1656,0,0,2,1,3,1,8,0,1,180,8,135000
90,64.0,7018,Pave,5,5,275.0,1086,0,1086,1224,0,0,1224,2,0,0,2,2,2,6,2,2,528,6,153337
120,41.0,4923,Pave,8,5,0.0,1153,440,1593,1593,0,0,1593,1,0,1,1,0,1,5,1,2,682,8,286000
70,70.0,10570,Pave,8,8,0.0,297,556,853,1549,1178,0,2727,0,0,2,1,3,1,10,2,2,440,12,315000
60,,7472,Pave,7,9,138.0,626,99,725,725,754,0,1479,1,0,1,1,4,1,7,0,2,484,6,184000
20,68.0,9017,Pave,7,5,0.0,560,871,1431,1431,0,0,1431,1,0,2,0,3,1,6,0,2,666,9,192000
160,24.0,2522,Pave,7,5,50.0,0,970,970,970,739,0,1709,0,0,2,0,3,1,7,0,2,380,5,130000
20,60.0,7180,Pave,5,7,0.0,390,474,864,864,0,0,864,0,0,1,0,3,1,5,0,1,352,5,127000
160,24.0,2280,Pave,6,6,0.0,566,289,855,855,601,0,1456,0,0,2,1,3,1,7,1,2,440,7,148500
20,79.0,9416,Pave,7,5,205.0,1126,600,1726,1726,0,0,1726,1,0,2,0,3,1,8,1,3,786,9,311872
75,174.0,25419,Pave,8,4,0.0,1036,140,1360,1360,1360,392,3112,1,1,2,0,4,1,8,1,2,795,3,235000
75,92.0,5520,Pave,6,6,0.0,0,755,755,929,929,371,2229,0,0,1,0,5,1,8,0,0,0,7,104000
20,76.0,9591,Pave,8,5,262.0,1088,625,1713,1713,0,0,1713,1,0,2,0,3,1,7,1,3,856,1,274900
20,80.0,8546,Pave,4,5,0.0,0,1121,1121,1121,0,0,1121,0,0,2,0,2,1,5,0,2,440,3,140000
20,75.0,10125,Pave,6,6,0.0,641,276,1196,1279,0,0,1279,0,1,2,0,3,1,6,2,2,473,2,171500
50,50.0,7000,Pave,6,6,0.0,617,0,617,865,445,0,1310,0,0,2,0,2,1,6,0,1,398,5,112000
120,,4438,Pave,6,5,205.0,662,186,848,848,0,0,848,1,0,1,0,1,1,3,1,2,420,1,149000
50,50.0,3500,Pave,5,7,0.0,312,408,720,720,564,0,1284,0,0,1,1,2,1,5,0,1,240,4,110000
20,99.0,11851,Pave,7,5,0.0,0,1424,1424,1442,0,0,1442,0,0,2,0,3,1,5,0,2,500,5,180500
20,40.0,13673,Pave,5,5,0.0,0,1140,1140,1696,0,0,1696,0,0,1,1,3,1,8,1,1,349,3,143900
20,,12493,Pave,4,5,0.0,419,375,1100,1100,0,0,1100,1,0,1,0,3,1,6,1,1,312,4,141000
60,,14364,Pave,7,5,128.0,1065,92,1157,1180,882,0,2062,1,0,2,1,3,1,7,1,2,454,4,277000
20,75.0,8250,Pave,6,7,260.0,787,305,1092,1092,0,0,1092,1,0,1,0,3,1,6,0,2,504,7,145000
30,67.0,5604,Pave,5,6,0.0,468,396,864,864,0,0,864,1,0,1,0,2,1,5,0,0,0,4,98000
20,83.0,10420,Pave,6,5,0.0,36,1176,1212,1212,0,0,1212,0,0,2,0,3,1,6,0,2,460,3,186000
60,72.0,8640,Pave,7,5,0.0,822,78,900,932,920,0,1852,1,0,2,1,3,1,7,1,2,644,7,252678
20,43.0,13568,Pave,5,5,0.0,716,274,990,990,0,0,990,0,1,1,0,3,1,5,0,2,576,7,156000
60,,10900,Pave,6,7,153.0,378,311,689,689,703,0,1392,0,0,1,1,3,1,6,0,1,299,3,161750
20,72.0,10011,Pave,5,6,64.0,360,710,1070,1236,0,0,1236,0,1,1,0,2,1,6,1,1,447,5,134450
20,65.0,8450,Pave,7,5,266.0,946,490,1436,1436,0,0,1436,1,0,2,0,3,1,8,0,2,484,4,210000
70,57.0,9906,Pave,4,4,0.0,0,686,686,810,518,0,1328,0,0,1,0,3,1,8,0,1,210,9,107000
50,,15660,Pave,7,9,312.0,341,457,798,1137,817,0,1954,0,1,1,1,3,1,8,2,2,431,5,311500
120,43.0,3010,Pave,7,5,16.0,16,1232,1248,1248,0,0,1248,0,0,2,0,2,1,5,0,2,438,3,167240
20,73.0,8990,Pave,7,5,0.0,0,1498,1498,1498,0,0,1498,0,0,2,0,2,1,5,0,2,675,4,204900
60,,8068,Pave,6,5,0.0,0,1010,1010,1010,1257,0,2267,0,0,2,1,4,1,8,1,2,390,12,200000
60,85.0,11475,Pave,6,6,0.0,550,163,713,811,741,0,1552,1,0,2,1,3,1,6,1,2,434,2,179900
20,70.0,10500,Pave,4,6,0.0,524,160,864,864,0,0,864,0,0,1,0,2,1,4,0,2,576,3,97000
20,103.0,13472,Pave,10,5,922.0,56,2336,2392,2392,0,0,2392,0,0,2,0,3,1,8,1,3,968,6,386250
160,21.0,1680,Pave,5,5,142.0,0,630,630,630,672,0,1302,0,0,2,1,3,1,6,0,1,280,5,112000
60,82.0,9950,Pave,7,5,290.0,565,638,1203,1214,1306,0,2520,0,0,2,1,4,1,9,1,3,721,6,290000
160,21.0,1869,Pave,6,6,127.0,321,162,483,483,504,0,987,0,0,1,1,2,1,5,0,1,280,9,106000
20,70.0,8521,Pave,5,5,0.0,842,70,912,912,0,0,912,0,0,1,0,3,1,5,1,1,336,5,125000
120,43.0,3182,Pave,7,5,16.0,16,1357,1373,1555,0,0,1555,0,0,2,0,2,1,7,1,2,430,5,192500
20,73.0,8760,Pave,6,6,220.0,0,1194,1194,1194,0,0,1194,1,0,1,0,3,1,6,0,1,312,4,148000
60,174.0,15138,Pave,8,5,506.0,689,773,1462,1490,1304,0,2794,1,0,2,1,4,1,9,1,3,810,7,403000
160,21.0,1680,Pave,6,5,297.0,0,483,483,483,504,0,987,0,0,1,1,2,1,5,1,1,288,6,94500
20,75.0,10650,Pave,5,6,0.0,182,0,894,894,0,0,894,1,0,1,0,3,1,5,0,1,308,2,128200
60,,7851,Pave,6,5,,625,235,860,860,1100,0,1960,1,0,2,1,4,1,8,2,2,440,5,216500
160,21.0,1680,Pave,6,3,604.0,358,125,483,483,504,0,987,0,0,1,1,2,1,5,0,1,264,8,89500
20,65.0,8773,Pave,7,5,98.0,24,1390,1414,1414,0,0,1414,0,0,2,0,3,1,6,0,2,494,5,185500
60,,9453,Pave,7,7,0.0,402,594,996,1014,730,0,1744,0,0,2,1,3,1,7,0,2,457,2,194500
20,93.0,12030,Pave,8,5,254.0,0,1694,1694,1694,0,0,1694,0,0,2,0,3,1,7,0,3,818,12,318000
50,52.0,8741,Pave,6,4,0.0,94,641,735,798,689,0,1487,0,0,1,1,3,1,7,1,1,220,4,113000
20,75.0,9000,Pave,8,5,36.0,1078,488,1566,1566,0,0,1566,1,0,2,0,3,1,7,0,2,750,4,262500
30,40.0,3880,Pave,5,9,0.0,329,357,686,866,0,0,866,0,0,1,0,2,1,4,0,0,0,8,110500
50,63.0,5000,Pave,5,4,0.0,0,540,540,889,551,0,1440,0,0,1,0,3,1,6,0,1,352,4,79000
160,75.0,10762,Pave,6,6,0.0,0,626,626,626,591,0,1217,0,0,1,1,3,1,6,1,1,288,4,120000
60,,8880,Pave,7,5,0.0,695,253,948,1222,888,0,2110,1,0,2,1,3,1,8,2,2,463,5,205000
20,80.0,10400,Pave,7,5,102.0,929,916,1845,1872,0,0,1872,0,1,2,0,3,1,6,1,2,604,6,241500
190,69.0,9142,Pave,6,8,0.0,0,1020,1020,908,1020,0,1928,0,0,2,0,4,2,9,0,1,440,4,137000
20,75.0,11310,Pave,6,5,0.0,0,1367,1367,1375,0,0,1375,0,0,1,0,2,1,5,1,2,451,6,140000
60,72.0,11317,Pave,7,5,101.0,0,840,840,840,828,0,1668,0,0,2,1,3,1,8,0,2,500,9,180000
50,,159000,Pave,6,7,472.0,697,747,1444,1444,700,0,2144,0,1,2,0,4,1,7,2,2,389,6,277000
30,55.0,5350,Pave,3,2,0.0,0,728,728,1306,0,0,1306,0,0,1,0,3,1,6,0,0,0,5,76500
120,44.0,4750,Pave,8,5,481.0,1573,0,1573,1625,0,0,1625,1,1,2,0,2,1,5,1,2,538,12,235000
60,65.0,8366,Pave,6,5,0.0,0,798,798,798,842,0,1640,0,0,2,1,3,1,6,0,2,520,12,173000
80,85.0,9350,Pave,6,7,108.0,270,452,1302,1302,0,0,1302,0,1,2,0,3,1,7,0,1,309,10,158000
20,70.0,8400,Pave,5,6,0.0,922,392,1314,1314,0,0,1314,1,0,1,0,3,1,5,0,1,294,6,145000
60,66.0,8738,Pave,7,5,302.0,0,975,975,1005,1286,0,2291,0,0,2,1,4,1,8,1,2,429,2,230000
60,64.0,8791,Pave,6,5,0.0,503,361,864,864,864,0,1728,0,0,2,1,3,1,7,0,2,673,5,207500
20,68.0,8814,Pave,7,5,180.0,1334,270,1604,1604,0,0,1604,1,0,2,1,3,1,8,1,2,660,3,220000
60,80.0,12435,Pave,7,5,172.0,361,602,963,963,829,0,1792,0,0,2,1,3,1,7,1,2,564,5,231500
20,70.0,12702,Pave,5,5,0.0,0,0,0,882,0,0,882,0,0,1,0,2,1,4,0,1,308,12,97000
80,120.0,19296,Pave,6,5,399.0,672,0,1362,1382,0,0,1382,1,0,1,0,3,1,6,1,2,884,5,176000
60,69.0,9588,Pave,8,5,270.0,0,1482,1482,1482,1092,0,2574,0,0,2,1,3,1,10,1,3,868,11,276000
80,88.0,8471,Pave,6,7,46.0,506,0,506,1212,0,0,1212,1,0,1,0,3,1,6,1,2,492,7,151000
50,50.0,5500,Pave,5,7,0.0,234,0,926,926,0,390,1316,1,0,1,0,3,1,6,0,2,484,4,130000
30,30.0,5232,Pave,5,5,0.0,0,680,680,764,0,0,764,0,0,1,0,2,1,4,0,2,504,6,73000
20,78.0,12090,Pave,6,6,210.0,588,606,1422,1422,0,0,1422,0,0,2,0,3,1,7,1,2,576,6,175500
60,70.0,11207,Pave,6,5,0.0,714,88,802,802,709,0,1511,1,0,2,1,3,1,8,1,2,413,6,185000
75,60.0,8400,Pave,5,8,0.0,378,342,720,1052,720,420,2192,0,0,2,1,4,1,8,1,1,240,7,179500
30,71.0,6900,Pave,5,6,0.0,403,212,740,778,0,0,778,0,0,1,0,2,1,4,1,1,924,2,120500
20,,7917,Pave,6,7,174.0,751,392,1143,1113,0,0,1113,1,0,1,1,3,1,6,1,1,504,5,148000
60,84.0,10728,Pave,8,5,0.0,0,1095,1095,1095,844,0,1939,0,0,2,1,3,1,8,1,3,1053,8,266000
20,73.0,39104,Pave,7,7,0.0,226,96,1385,1363,0,0,1363,1,0,1,0,2,1,5,2,2,439,4,241500
60,92.0,11764,Pave,8,7,348.0,524,628,1152,1164,1106,0,2270,0,0,2,1,4,1,9,1,3,671,4,290000
20,80.0,9600,Pave,6,6,183.0,620,0,1240,1632,0,0,1632,1,0,2,0,3,1,6,1,1,338,4,139000
20,76.0,8314,Pave,5,7,0.0,546,270,816,816,0,0,816,0,0,1,0,2,1,5,0,1,264,6,124500
50,55.0,7264,Pave,7,7,0.0,0,952,952,952,596,0,1548,0,0,2,1,3,1,5,0,2,672,10,205000
20,129.0,9196,Pave,7,5,0.0,0,1560,1560,1560,0,0,1560,0,0,2,0,3,1,7,0,2,573,4,201000
20,140.0,19138,Pave,4,5,0.0,120,744,864,864,0,0,864,0,0,1,0,2,1,4,0,2,400,6,141000
20,107.0,14450,Pave,9,5,315.0,0,2121,2121,2121,0,0,2121,0,0,2,1,3,1,8,1,3,732,5,415298
60,83.0,10005,Pave,7,5,299.0,392,768,1160,1156,866,0,2022,0,0,2,1,4,1,8,1,2,505,3,192000
60,82.0,11287,Pave,7,6,340.0,421,386,807,1175,807,0,1982,0,0,2,1,3,1,7,1,2,575,1,228500
20,60.0,7200,Pave,6,5,68.0,905,357,1262,1262,0,0,1262,0,0,2,0,2,1,5,0,2,572,5,185000
120,34.0,5063,Pave,7,5,166.0,904,410,1314,1314,0,0,1314,1,0,2,0,2,1,6,1,2,626,4,207500
20,74.0,9612,Pave,8,5,72.0,0,1468,1468,1468,0,0,1468,0,0,2,0,3,1,6,1,3,898,12,244600
120,50.0,8012,Pave,6,5,0.0,430,1145,1575,1575,0,0,1575,1,0,2,0,2,1,5,0,2,529,7,179200
160,35.0,4251,Pave,7,5,0.0,0,625,625,625,625,0,1250,0,0,2,1,2,1,5,0,2,528,6,164700
50,77.0,9786,Pave,6,7,0.0,600,312,912,1085,649,0,1734,0,0,1,1,3,1,7,1,2,440,6,159000
20,,8125,Pave,4,4,0.0,614,244,858,858,0,0,858,0,0,1,0,3,1,5,0,0,0,6,88000
20,,9819,Pave,5,5,31.0,450,432,882,900,0,0,900,0,0,1,0,3,1,5,0,1,280,2,122000
70,60.0,8730,Pave,6,7,0.0,0,698,698,698,698,0,1396,0,0,1,0,3,1,7,0,1,384,7,153575
60,120.0,15611,Pave,8,5,0.0,0,1079,1079,1079,840,0,1919,0,0,2,1,3,1,8,1,2,685,7,233230
190,55.0,5687,Pave,5,6,0.0,210,570,780,936,780,0,1716,1,0,2,0,6,1,9,0,0,0,3,135900
50,60.0,11409,Pave,5,4,0.0,292,476,768,1148,568,0,1716,0,0,1,1,3,1,8,1,1,281,1,131000
60,,16659,Pave,7,7,34.0,795,0,795,1468,795,0,2263,1,0,2,1,3,1,9,1,2,539,3,235000
20,80.0,9600,Pave,6,5,238.0,1285,131,1416,1644,0,0,1644,1,0,1,0,3,1,7,2,2,418,10,167000
80,37.0,7937,Pave,6,6,0.0,819,184,1003,1003,0,0,1003,1,0,1,0,3,1,6,0,2,588,3,142500
50,75.0,13710,Pave,5,5,0.0,420,490,910,910,648,0,1558,0,0,1,1,4,1,6,0,1,282,6,152000
60,66.0,7399,Pave,7,5,1600.0,649,326,975,975,975,0,1950,0,0,2,1,3,1,7,1,2,576,6,239000
60,90.0,11700,Pave,6,6,365.0,384,143,702,1041,702,0,1743,0,1,1,2,3,1,7,1,2,539,6,175000
20,80.0,14000,Pave,6,8,0.0,0,1092,1092,1152,0,0,1152,0,1,1,0,3,1,6,1,1,300,8,158500
190,90.0,15750,Pave,5,5,56.0,841,324,1165,1336,0,0,1336,1,0,1,0,2,1,5,2,1,375,6,157000
60,66.0,16226,Pave,8,5,0.0,281,747,1028,1210,1242,0,2452,0,0,2,1,4,1,9,1,2,683,5,267000
20,118.0,13704,Pave,7,5,150.0,0,1541,1541,1541,0,0,1541,0,0,2,0,3,1,6,1,3,843,1,205000
20,70.0,9800,Pave,5,7,0.0,894,0,894,894,0,0,894,1,0,1,0,3,1,5,0,2,552,7,149900
75,87.0,18386,Pave,7,9,0.0,0,1470,1470,1675,1818,0,3493,0,0,3,0,3,1,10,1,3,870,5,295000
20,80.0,10386,Pave,8,5,246.0,1464,536,2000,2000,0,0,2000,1,0,2,0,3,1,8,0,3,888,7,305900
60,116.0,13474,Pave,7,5,246.0,700,0,700,1122,1121,0,2243,1,0,2,1,4,1,8,1,3,746,6,225000
50,,7920,Pave,6,7,0.0,0,319,319,1035,371,0,1406,0,0,1,0,3,1,6,0,0,0,3,89500
30,,12342,Pave,4,5,0.0,262,599,861,861,0,0,861,0,0,1,0,1,1,4,0,2,539,3,82500
20,90.0,12378,Pave,9,5,0.0,1274,622,1896,1944,0,0,1944,1,0,2,0,3,1,8,3,3,708,11,360000
60,,7685,Pave,6,5,112.0,518,179,697,697,804,0,1501,0,0,2,1,3,1,6,1,2,420,5,165600
20,50.0,8000,Pave,6,6,0.0,680,292,972,972,0,0,972,1,0,1,0,2,1,5,1,1,240,5,132000
190,65.0,7800,Pave,5,7,0.0,507,286,793,793,325,0,1118,1,0,1,0,3,1,5,1,2,410,5,119900
20,150.0,215245,Pave,7,5,0.0,1236,80,2136,2036,0,0,2036,2,0,2,0,3,1,8,2,2,513,6,375000
70,60.0,9600,Pave,7,7,0.0,16,712,728,832,809,0,1641,0,1,1,1,3,1,6,1,2,546,8,178000
60,71.0,7795,Pave,7,5,0.0,425,291,716,716,716,0,1432,1,0,2,1,3,1,6,1,2,432,7,188500
60,94.0,13005,Pave,7,7,278.0,692,153,845,1153,1200,0,2353,1,0,2,1,4,1,10,1,2,484,8,260000
60,75.0,9000,Pave,8,5,0.0,0,1088,1088,1088,871,0,1959,0,0,2,1,3,1,8,1,3,1025,12,270000
60,90.0,9900,Pave,7,5,256.0,987,360,1347,1372,1274,0,2646,1,0,2,1,4,1,9,1,3,656,4,260000
80,,14115,Pave,7,5,225.0,1036,336,1372,1472,0,0,1472,1,0,2,0,3,1,6,2,2,588,6,187500
60,111.0,16259,Pave,9,5,370.0,0,1249,1249,1249,1347,0,2596,0,0,3,1,4,1,9,0,3,840,9,342643
60,99.0,12099,Pave,8,5,388.0,970,166,1136,1136,1332,0,2468,1,0,2,1,4,1,10,1,3,872,6,354000
60,86.0,10380,Pave,7,5,172.0,28,0,1502,1553,1177,0,2730,1,0,2,1,4,1,8,1,2,576,8,301000
20,49.0,5820,Pave,3,8,0.0,256,906,1162,1163,0,0,1163,1,0,1,0,3,1,6,0,1,220,7,126175
80,96.0,11275,Pave,7,7,300.0,0,710,710,1898,1080,0,2978,0,0,2,1,5,1,11,1,2,564,6,242000
45,50.0,5000,Pave,5,6,0.0,116,604,720,803,0,0,803,0,0,1,0,2,1,5,0,2,360,12,87000
120,32.0,10846,Pave,8,5,0.0,1619,100,1719,1719,0,0,1719,2,0,1,1,1,1,6,2,2,473,5,324000
20,80.0,11600,Pave,6,5,175.0,565,818,1383,1383,0,0,1383,0,0,1,1,3,1,7,0,1,292,4,145250
75,,11888,Pave,6,6,0.0,0,844,844,1445,689,0,2134,0,0,2,0,5,1,10,0,2,441,7,214500
70,60.0,6402,Pave,5,5,0.0,0,596,596,596,596,0,1192,0,0,1,0,3,1,6,0,1,189,7,78000
90,,10624,Pave,5,4,84.0,40,1424,1728,1728,0,0,1728,0,1,2,0,6,2,10,0,1,352,11,119000
20,70.0,8176,Pave,5,6,0.0,846,210,1056,1056,0,0,1056,1,0,1,0,3,1,6,0,1,308,8,139000
20,85.0,10655,Pave,8,5,296.0,1124,1603,3206,1629,0,0,1629,1,0,2,0,3,1,7,1,3,880,10,284000
120,59.0,8198,Pave,7,5,146.0,720,638,1358,1358,0,0,1358,1,0,2,0,2,1,6,1,2,484,7,207000
60,59.0,9042,Pave,6,5,0.0,828,115,943,943,695,0,1638,1,0,2,1,3,1,7,2,2,472,7,192000
190,,164660,Grvl,5,6,0.0,1249,103,1499,1619,167,0,1786,2,0,2,0,3,1,7,2,2,529,8,228950
20,86.0,14157,Pave,9,5,200.0,1249,673,1922,1922,0,0,1922,1,0,2,0,3,1,8,1,3,676,7,377426
20,70.0,9135,Pave,7,5,113.0,810,726,1536,1536,0,0,1536,1,0,2,0,3,1,7,0,2,532,12,214000
20,91.0,14145,Pave,7,7,0.0,213,995,1208,1621,0,0,1621,1,0,2,0,3,1,8,0,2,440,5,202500
20,66.0,12400,Pave,6,7,176.0,585,630,1215,1215,0,0,1215,0,0,1,0,3,1,6,0,1,297,6,155000
60,85.0,14191,Pave,8,5,0.0,0,967,967,993,915,0,1908,0,0,2,1,4,1,9,0,2,431,4,202900
20,60.0,8400,Pave,4,4,0.0,0,721,721,841,0,0,841,0,0,1,0,2,1,4,0,1,294,9,82000
90,,8544,Pave,3,4,340.0,0,0,0,1040,0,0,1040,0,0,2,0,2,2,6,0,2,400,5,87500
120,63.0,8849,Pave,9,5,616.0,28,1656,1684,1684,0,0,1684,0,0,2,0,2,1,6,1,2,564,7,266000
160,36.0,2592,Pave,5,3,0.0,129,175,536,536,576,0,1112,0,0,1,1,3,1,4,0,1,336,4,85000
50,65.0,6435,Pave,6,5,0.0,0,972,972,972,605,0,1577,0,0,1,0,3,1,6,1,1,312,10,140200
20,,12772,Pave,6,8,0.0,498,460,958,958,0,0,958,0,0,1,0,2,1,5,0,1,301,4,151500
20,,17600,Pave,6,5,30.0,1270,208,1478,1478,0,0,1478,1,0,2,0,3,1,6,2,2,498,12,157500
160,36.0,2448,Pave,7,5,106.0,573,191,764,764,862,0,1626,1,0,2,1,2,1,6,0,2,474,10,154000
60,56.0,20431,Pave,9,5,870.0,1410,438,1848,1848,880,0,2728,1,0,2,1,4,1,10,2,3,706,4,437154
120,68.0,7820,Pave,9,5,362.0,0,1869,1869,1869,0,0,1869,0,0,2,0,2,1,6,1,2,617,12,318061
120,,5271,Pave,7,5,0.0,1082,371,1453,1453,0,0,1453,1,0,1,1,2,1,6,1,2,445,12,190000
50,60.0,9084,Pave,5,6,0.0,236,0,616,616,495,0,1111,0,1,1,0,3,1,5,0,1,200,3,95000
30,60.0,8520,Pave,6,8,0.0,0,624,624,720,0,0,720,0,0,1,0,2,1,5,0,2,484,5,105900
50,60.0,8400,Pave,6,5,0.0,388,552,940,1192,403,0,1595,0,0,1,0,2,1,6,2,1,240,6,140000
20,105.0,11249,Pave,6,5,0.0,334,322,1200,1200,0,0,1200,1,0,2,0,3,1,6,0,2,521,8,177500
20,,9248,Pave,6,6,106.0,560,598,1158,1167,0,0,1167,1,0,2,0,3,1,6,0,2,400,7,173000
120,44.0,4224,Pave,5,5,0.0,874,268,1142,1142,0,0,1142,1,0,1,1,3,1,6,1,2,528,8,134000
80,92.0,6930,Pave,5,4,120.0,300,468,1062,1352,0,0,1352,0,1,1,0,3,1,6,0,1,288,7,130000
60,78.0,12011,Pave,8,5,530.0,956,130,1086,1086,838,0,1924,1,0,2,1,3,1,7,1,2,592,6,280000
85,,7540,Pave,6,6,0.0,773,115,888,912,0,0,912,1,0,1,0,2,1,5,1,2,470,6,156000
50,,9144,Pave,5,5,0.0,399,484,883,988,517,0,1505,1,0,1,0,3,1,8,0,1,240,7,145000
85,64.0,7301,Pave,7,5,500.0,0,0,0,495,1427,0,1922,0,0,3,0,4,1,7,1,2,672,7,198500
160,21.0,1680,Pave,6,8,510.0,162,321,483,483,504,0,987,0,0,1,1,2,1,5,0,1,264,5,118000
60,,18800,Pave,6,5,120.0,712,84,796,790,784,0,1574,1,0,2,1,3,1,6,1,2,566,7,190000
70,59.0,10690,Pave,5,7,0.0,456,216,672,672,672,0,1344,0,0,1,0,3,1,6,0,1,468,7,147000
20,,9500,Pave,6,5,247.0,609,785,1394,1394,0,0,1394,1,0,1,1,3,1,6,2,2,514,7,159000
80,101.0,9150,Pave,6,5,305.0,371,728,1099,1431,0,0,1431,0,1,1,0,3,1,6,1,1,296,12,165000
20,78.0,7800,Pave,5,6,200.0,540,728,1268,1268,0,0,1268,0,0,1,0,2,1,7,1,1,244,3,132000
20,,9830,Pave,5,7,0.0,72,733,1063,1287,0,0,1287,1,0,1,0,3,1,7,1,2,576,3,162000
60,,8121,Pave,6,5,0.0,0,953,953,953,711,0,1664,0,0,2,1,3,1,7,1,2,460,1,172400
50,80.0,17120,Pave,4,4,0.0,0,0,0,1120,468,0,1588,0,0,2,0,4,1,7,1,2,680,7,134432
120,50.0,7175,Pave,6,5,0.0,623,0,744,752,0,0,752,1,0,1,0,2,1,4,0,1,264,2,125000
20,79.0,10634,Pave,5,6,0.0,428,0,608,1319,0,0,1319,1,0,1,0,3,1,5,0,1,270,11,123000
60,65.0,8200,Pave,7,5,0.0,0,847,847,847,1081,0,1928,0,0,2,1,4,1,8,1,2,434,7,219500
30,,10020,Pave,1,1,0.0,350,333,683,904,0,0,904,1,0,0,1,1,1,4,0,0,0,3,61000
85,57.0,8846,Pave,5,5,0.0,298,572,870,914,0,0,914,0,0,1,0,2,1,5,0,2,576,7,148000
60,102.0,11143,Pave,8,5,0.0,0,1580,1580,1580,886,0,2466,0,0,3,0,4,1,8,1,2,610,12,340000
20,88.0,11394,Pave,9,2,350.0,1445,411,1856,1856,0,0,1856,1,0,1,1,1,1,8,1,3,834,6,394432
60,60.0,8123,Pave,6,5,16.0,0,982,982,1007,793,0,1800,0,0,2,1,3,1,7,1,2,463,6,179000
50,50.0,5000,Pave,5,6,0.0,218,808,1026,1026,665,0,1691,0,0,2,0,3,1,6,1,1,308,5,127000
20,60.0,7200,Pave,7,5,0.0,0,1293,1293,1301,0,0,1301,1,0,2,0,2,1,5,1,2,572,8,187750
60,79.0,9245,Pave,7,5,0.0,0,939,939,939,858,0,1797,0,0,2,1,3,1,8,0,2,639,4,213500
45,60.0,9000,Pave,6,3,0.0,0,784,784,784,0,0,784,0,0,1,0,2,1,5,0,2,360,10,76000
60,,53107,Pave,6,5,0.0,985,595,1580,1079,874,0,1953,1,0,2,1,3,1,9,2,2,501,6,240000
120,43.0,3182,Pave,8,5,16.0,24,1232,1256,1269,0,0,1269,0,0,2,0,2,1,6,1,2,430,4,192000
50,58.0,8410,Pave,5,3,0.0,0,658,658,658,526,0,1184,0,0,1,0,5,1,8,0,0,0,5,81000
80,72.0,7200,Pave,6,6,255.0,631,410,1041,1125,0,0,1125,1,0,1,0,3,1,6,1,1,352,10,125000
20,93.0,9382,Pave,7,5,125.0,0,1468,1468,1479,0,0,1479,0,0,2,0,3,1,6,0,2,577,7,191000
60,96.0,12474,Pave,10,5,272.0,1280,402,1682,1742,590,0,2332,1,0,2,1,3,1,9,1,3,846,8,426000
50,50.0,8405,Pave,5,8,0.0,241,229,861,961,406,0,1367,1,0,1,0,4,1,7,0,1,384,4,119000
60,71.0,12209,Pave,6,5,0.0,690,114,804,804,1157,0,1961,1,0,2,1,3,1,7,1,2,560,6,215000
20,,8339,Pave,5,7,0.0,0,0,0,882,0,0,882,0,0,1,0,3,1,5,0,1,294,7,106500
30,,7446,Pave,4,5,0.0,266,522,788,788,0,0,788,0,0,1,0,2,1,4,2,0,0,4,100000
50,60.0,10134,Pave,5,6,0.0,0,735,735,735,299,0,1034,0,0,1,0,2,1,5,0,1,240,7,109000
20,68.0,9571,Pave,5,6,0.0,739,405,1144,1144,0,0,1144,1,0,1,0,3,1,6,0,1,596,6,129000
20,60.0,7200,Pave,5,5,0.0,777,117,894,894,0,0,894,0,0,1,0,2,1,6,0,2,600,9,123000
60,69.0,7590,Pave,5,5,288.0,540,324,864,876,936,0,1812,0,0,2,0,4,1,8,1,1,264,7,169500
30,60.0,8967,Pave,5,2,0.0,0,961,961,1077,0,0,1077,0,0,1,0,2,1,6,0,1,338,11,67000
60,65.0,8125,Pave,7,5,100.0,812,280,1092,1112,438,0,1550,1,0,2,0,2,1,7,0,2,438,10,241000
120,38.0,14963,Pave,8,5,0.0,786,474,1260,1288,0,0,1288,1,0,1,1,1,1,4,2,2,500,12,245500
20,65.0,8767,Pave,7,5,0.0,24,1286,1310,1310,0,0,1310,0,0,2,0,3,1,6,1,2,400,7,164990
30,60.0,10200,Pave,5,8,0.0,0,672,672,672,0,0,672,0,0,1,0,2,1,4,0,1,240,8,108000
60,93.0,12090,Pave,8,5,650.0,0,1141,1141,1165,1098,0,2263,0,0,2,1,4,1,10,1,2,420,7,258000
60,,10364,Pave,6,5,0.0,0,806,806,806,766,0,1572,0,0,2,1,3,1,7,1,2,373,5,168000
20,,9991,Pave,4,4,0.0,1116,165,1281,1620,0,0,1620,1,0,2,0,3,1,8,1,2,490,6,150000
50,51.0,10480,Pave,6,5,0.0,0,1064,1064,1166,0,473,1639,0,0,1,0,3,1,6,0,1,240,3,115000
70,63.0,15576,Pave,6,7,0.0,0,840,840,840,840,0,1680,0,0,2,0,4,1,8,0,1,308,3,177000
60,109.0,14154,Pave,7,5,350.0,0,1063,1063,1071,1101,0,2172,0,0,2,1,3,1,9,1,3,947,8,280000
60,85.0,10800,Pave,8,5,100.0,789,245,1034,1050,1028,0,2078,1,0,2,1,3,1,8,1,3,836,4,339750
20,68.0,9571,Pave,5,3,0.0,0,1276,1276,1276,0,0,1276,0,0,1,0,3,1,5,0,1,350,6,60000
190,100.0,34650,Pave,5,5,0.0,1056,0,1056,1056,0,0,1056,1,0,1,0,3,1,5,0,2,572,1,145000
20,,4403,Pave,7,5,432.0,578,892,1470,1478,0,0,1478,1,0,2,1,2,1,7,1,2,484,6,222000
30,56.0,8960,Pave,5,6,0.0,0,1008,1008,1028,0,0,1028,0,0,1,0,2,1,5,1,2,360,3,115000
60,59.0,11228,Pave,7,5,0.0,50,499,1080,1080,1017,0,2097,0,1,2,1,3,1,9,1,3,678,12,228000
20,73.0,8899,Pave,7,5,0.0,24,1316,1340,1340,0,0,1340,0,0,2,0,3,1,6,0,2,396,8,181134
60,74.0,7844,Pave,6,7,203.0,209,463,672,672,728,0,1400,0,0,1,1,3,1,6,1,2,440,3,149500
70,86.0,22420,Pave,6,6,0.0,1128,242,1370,1370,1254,0,2624,1,0,2,1,4,1,10,1,3,864,11,239000
50,60.0,8160,Pave,5,6,0.0,312,444,756,756,378,0,1134,1,0,1,1,3,1,7,0,1,240,4,126000
20,65.0,8450,Pave,5,6,0.0,775,281,1056,1056,0,0,1056,1,0,1,0,3,1,6,1,1,304,7,142000
90,78.0,7060,Pave,7,5,200.0,1309,35,1344,1344,0,0,1344,2,0,2,0,2,2,8,0,4,784,11,206300
20,,16635,Pave,6,7,126.0,1246,356,1602,1602,0,0,1602,0,1,2,0,3,1,8,1,2,529,6,215000
20,100.0,21750,Pave,5,5,0.0,0,988,988,988,0,0,988,0,0,1,0,2,1,4,0,2,520,2,113000
60,80.0,9200,Pave,8,5,473.0,986,484,1470,1470,1160,0,2630,1,0,2,1,4,1,8,1,3,696,6,315000
20,72.0,9000,Pave,6,5,74.0,616,580,1196,1196,0,0,1196,1,0,1,0,2,1,6,1,1,297,5,139000
60,60.0,3378,Pave,7,8,0.0,0,651,651,707,682,0,1389,0,0,1,1,3,1,6,2,1,240,9,135000
80,,12800,Pave,7,5,145.0,1518,0,1518,1644,0,0,1644,1,1,2,0,2,1,5,1,2,569,8,275000
20,77.0,8593,Pave,4,6,0.0,288,619,907,907,0,0,907,0,0,1,0,3,1,5,0,1,352,7,109008
20,64.0,6762,Pave,7,5,108.0,664,544,1208,1208,0,0,1208,1,0,2,0,2,1,6,0,2,628,9,195400
20,130.0,11457,Pave,6,5,0.0,1005,387,1392,1412,0,0,1412,1,0,2,0,3,1,6,1,2,576,3,175000
160,21.0,1680,Pave,6,5,232.0,387,96,483,483,504,0,987,0,0,1,1,2,1,4,0,1,264,7,85400
50,60.0,5586,Pave,6,7,0.0,0,901,901,1088,110,0,1198,0,0,1,0,4,1,7,0,0,0,9,79900
160,24.0,1920,Pave,5,5,376.0,471,294,765,765,600,0,1365,1,0,1,1,2,1,6,0,2,440,8,122500
60,100.0,10839,Pave,6,5,0.0,0,926,926,926,678,0,1604,0,0,2,1,3,1,7,1,2,470,7,181000
180,21.0,1890,Pave,4,7,0.0,495,135,630,630,0,0,630,1,0,1,0,1,1,3,0,0,0,6,81000
60,43.0,10667,Pave,7,6,0.0,385,70,799,827,834,0,1661,1,0,2,1,3,1,6,1,2,550,4,212000
50,40.0,4400,Pave,6,8,0.0,0,648,648,734,384,0,1118,0,0,1,0,2,1,6,0,2,440,10,116000
45,50.0,6000,Pave,6,7,0.0,0,884,884,904,0,0,904,0,0,1,0,2,1,4,0,1,180,1,119000
30,40.0,4280,Pave,5,6,0.0,365,75,440,694,0,0,694,0,0,1,0,2,1,4,1,1,352,3,90350
50,67.0,12354,Pave,6,8,0.0,0,684,684,684,512,0,1196,0,0,1,0,3,1,7,0,2,528,8,110000
20,105.0,15431,Pave,10,5,200.0,1767,788,3094,2402,0,0,2402,1,0,2,0,2,1,10,2,3,672,4,555000
90,92.0,12108,Pave,4,4,270.0,133,1307,1440,1440,0,0,1440,0,0,2,0,4,2,8,0,0,0,9,118000
50,52.0,6240,Pave,5,7,0.0,0,1078,1078,1128,445,0,1573,0,0,2,0,3,1,8,1,2,360,6,162900
120,53.0,3922,Pave,7,5,72.0,0,1258,1258,1258,0,0,1258,0,0,2,0,2,1,6,1,3,648,6,172500
60,70.0,8750,Pave,7,5,0.0,642,273,915,933,975,0,1908,1,0,2,1,4,1,8,1,2,493,7,210000
20,73.0,9855,Pave,6,5,0.0,0,1436,1436,1689,0,0,1689,0,0,1,0,3,1,7,1,2,480,11,127500
20,137.0,16492,Pave,6,6,0.0,247,557,1517,1888,0,0,1888,0,0,2,1,2,1,6,1,2,578,6,190000
60,,11214,Pave,7,5,0.0,0,930,930,956,930,0,1886,0,0,2,1,4,1,10,1,2,431,7,199900
50,50.0,8600,Pave,6,6,0.0,0,780,780,780,596,0,1376,0,0,2,0,3,1,7,1,1,198,6,119500
50,50.0,6000,Pave,3,7,0.0,331,318,649,679,504,0,1183,0,0,1,1,2,1,6,0,1,308,6,120000
30,70.0,5684,Pave,6,8,0.0,0,813,813,813,0,0,813,0,0,1,0,2,1,5,0,1,270,6,110000
20,62.0,70761,Pave,7,5,0.0,655,878,1533,1533,0,0,1533,1,0,2,0,2,1,5,2,2,576,12,280000
60,,9303,Pave,6,5,42.0,742,130,872,888,868,0,1756,1,0,2,1,3,1,7,0,2,422,7,204000
60,75.0,9000,Pave,8,5,0.0,0,768,768,786,804,0,1590,0,0,2,1,3,1,6,0,2,676,6,210000
90,63.0,9297,Pave,5,5,0.0,1606,122,1728,1728,0,0,1728,2,0,2,0,4,2,8,0,2,560,7,188000
20,80.0,9600,Pave,7,6,320.0,916,326,1242,1242,0,0,1242,0,0,1,1,3,1,6,1,2,528,9,175500
70,34.0,4571,Pave,5,5,0.0,0,624,624,624,720,0,1344,0,0,1,0,4,1,7,0,3,513,5,98000
20,,53227,Pave,4,6,0.0,1116,248,1364,1663,0,0,1663,1,0,1,0,2,1,6,2,2,529,3,256000
70,,5100,Pave,8,7,0.0,0,588,588,833,833,0,1666,0,0,1,0,3,1,7,1,1,228,6,161000
50,,7015,Pave,5,4,161.0,185,524,709,979,224,0,1203,1,0,1,0,3,1,5,1,1,352,7,110000
60,75.0,8004,Pave,8,5,110.0,544,288,832,832,1103,0,1935,1,0,2,1,3,1,8,0,2,552,12,263435
70,60.0,7200,Pave,7,9,0.0,350,0,560,575,560,0,1135,1,0,1,0,3,1,6,0,2,576,4,155000
20,60.0,8281,Pave,5,5,0.0,553,0,864,864,0,0,864,0,0,1,0,3,1,5,1,1,360,12,62383
70,74.0,11988,Pave,6,7,0.0,326,389,715,849,811,0,1660,0,0,1,1,3,1,6,1,1,240,8,188700
20,60.0,8430,Pave,5,5,136.0,616,424,1040,1040,0,0,1040,0,0,2,0,3,1,5,0,0,0,8,124000
120,,3072,Pave,7,5,18.0,0,1375,1375,1414,0,0,1414,0,0,2,0,2,1,6,1,2,398,5,178740
20,85.0,10628,Pave,7,5,0.0,778,499,1277,1277,0,0,1277,1,0,1,0,2,1,5,1,2,526,4,167000
70,79.0,9480,Pave,5,7,224.0,386,342,728,888,756,0,1644,0,0,1,1,3,1,7,2,1,312,6,146500
20,98.0,11428,Pave,8,5,248.0,0,1626,1626,1634,0,0,1634,0,0,2,0,3,1,7,1,3,866,5,250000
60,76.0,9291,Pave,6,5,120.0,426,406,832,832,878,0,1710,0,0,2,1,3,1,7,0,2,506,6,187000
120,,6820,Pave,8,5,0.0,368,0,1488,1502,0,0,1502,1,0,1,1,1,1,4,0,2,528,6,212000
60,92.0,11952,Pave,7,6,0.0,0,808,808,1161,808,0,1969,0,0,2,1,3,1,8,1,2,534,11,190000
180,35.0,3675,Pave,6,5,80.0,459,88,547,1072,0,0,1072,1,0,1,0,2,1,5,0,2,525,6,148000
20,110.0,14977,Pave,8,5,304.0,1350,626,1976,1976,0,0,1976,1,0,2,0,2,1,7,1,3,908,7,440000
120,41.0,5330,Pave,8,5,0.0,1196,298,1494,1652,0,0,1652,1,0,2,0,2,1,6,0,2,499,8,251000
20,80.0,8480,Pave,5,6,0.0,630,340,970,970,0,0,970,1,0,1,0,2,1,5,0,2,624,7,132500
20,75.0,13125,Pave,6,5,215.0,994,484,1478,1493,0,0,1493,1,0,2,0,3,1,7,1,2,508,4,208900
60,105.0,13693,Pave,9,5,772.0,0,2153,2153,2069,574,0,2643,0,0,2,1,3,1,9,1,3,694,3,380000
20,79.0,10637,Pave,8,5,336.0,1288,417,1705,1718,0,0,1718,1,0,2,0,3,1,7,1,3,826,9,297000
30,50.0,5925,Pave,4,7,435.0,168,739,907,1131,0,0,1131,0,0,1,0,2,1,7,0,2,672,3,89471
20,98.0,16033,Pave,9,5,378.0,1261,572,1833,1850,0,0,1850,1,0,2,0,3,1,8,1,3,772,3,326000
20,72.0,11846,Pave,9,5,562.0,1567,225,1792,1792,0,0,1792,1,0,2,0,2,1,6,1,3,874,8,374000
70,50.0,2500,Pave,7,8,0.0,299,611,910,916,910,0,1826,1,0,1,1,4,1,7,1,1,164,6,155000
120,32.0,4500,Pave,6,5,116.0,897,319,1216,1216,0,0,1216,1,0,2,0,2,1,5,0,2,402,5,164000
20,,7758,Pave,5,7,0.0,588,411,999,999,0,0,999,1,0,1,0,3,1,6,0,1,264,3,132500
20,80.0,9600,Pave,5,7,0.0,607,506,1113,1113,0,0,1113,0,0,1,0,3,1,5,1,1,264,7,147000
20,79.0,10289,Pave,5,7,168.0,836,237,1073,1073,0,0,1073,1,0,1,1,3,1,6,0,2,515,6,156000
20,70.0,12243,Pave,5,6,0.0,998,486,1484,1484,0,0,1484,0,0,2,0,3,1,7,1,2,487,2,175000
190,60.0,10800,Pave,5,4,0.0,664,290,954,1766,648,0,2414,0,0,2,0,3,2,10,1,2,520,5,160000
180,21.0,1526,Pave,4,8,0.0,515,115,630,630,0,0,630,1,0,1,0,1,1,3,0,1,286,5,86000
160,,2665,Pave,5,6,0.0,0,264,264,616,688,0,1304,0,0,1,1,3,1,4,1,1,336,6,115000
50,79.0,9490,Pave,6,7,0.0,403,238,806,958,620,0,1578,1,0,1,0,3,1,5,2,1,240,8,133000
60,105.0,15578,Pave,6,5,0.0,0,728,728,728,728,0,1456,0,0,2,1,3,1,8,0,2,429,5,172785
20,70.0,7931,Pave,5,6,0.0,374,363,1269,1269,0,0,1269,0,0,1,1,3,1,6,1,1,308,6,155000
30,50.0,5784,Pave,5,8,0.0,0,190,190,886,0,0,886,0,0,1,0,2,1,4,0,1,273,12,91300
30,60.0,7879,Pave,4,5,0.0,495,225,720,720,0,0,720,0,0,1,0,2,1,4,0,0,0,11,34900
20,,12692,Pave,8,5,0.0,1231,1969,3200,3228,0,0,3228,1,0,3,0,4,1,10,1,2,546,5,430000
50,60.0,9120,Pave,7,6,0.0,329,697,1026,1133,687,0,1820,1,0,2,0,4,1,8,0,1,240,6,184000
20,65.0,7800,Pave,5,7,89.0,450,414,864,899,0,0,899,0,0,1,0,3,1,5,0,1,288,6,130000
20,70.0,7535,Pave,5,7,0.0,111,522,912,912,0,0,912,0,1,1,0,2,1,5,0,1,297,6,120000
160,21.0,1890,Pave,6,5,285.0,356,316,672,672,546,0,1218,0,0,1,1,3,1,7,0,1,264,5,113000
60,75.0,9803,Pave,7,5,0.0,400,466,866,866,902,0,1768,0,0,2,1,3,1,7,0,2,603,2,226700
20,70.0,9170,Pave,5,7,0.0,698,420,1214,1214,0,0,1214,1,0,1,0,2,1,6,0,2,461,4,140000
20,100.0,15602,Pave,7,8,0.0,1247,254,1501,1801,0,0,1801,1,0,2,0,1,1,6,2,2,484,3,289000
160,24.0,2308,Pave,6,5,0.0,257,103,855,855,467,0,1322,0,1,2,1,3,1,6,1,2,440,6,147000
90,60.0,7596,Pave,5,5,360.0,0,960,960,960,1000,0,1960,0,0,2,0,4,2,10,0,2,400,7,124500
60,80.0,9554,Pave,8,5,125.0,380,397,777,1065,846,0,1911,0,0,2,1,3,1,8,1,2,471,9,215000
20,75.0,7862,Pave,6,5,0.0,27,1191,1218,1218,0,0,1218,0,0,2,0,2,1,4,0,2,676,9,208300
70,60.0,9600,Pave,7,9,0.0,141,548,689,689,689,0,1378,0,0,2,0,3,1,7,1,2,360,10,161000
20,80.0,9600,Pave,5,6,132.0,991,50,1041,1041,0,0,1041,1,0,1,0,3,1,6,0,1,270,7,124500
20,75.0,14559,Pave,5,7,70.0,650,178,1008,1363,0,0,1363,1,0,1,0,2,1,6,2,1,288,6,164900
120,40.0,6792,Pave,7,5,94.0,0,1368,1368,1368,0,0,1368,0,0,2,0,2,1,6,1,2,474,3,202665
20,70.0,9100,Pave,5,5,0.0,521,169,864,864,0,0,864,1,0,1,0,3,1,5,0,2,624,7,129900
20,71.0,9187,Pave,6,5,0.0,336,748,1084,1080,0,0,1080,0,0,1,1,3,1,5,0,2,484,6,134000
45,55.0,10594,Pave,5,5,0.0,0,768,768,789,0,0,789,0,0,1,0,2,1,5,0,1,200,6,96500
20,94.0,12220,Pave,10,5,305.0,1436,570,2006,2020,0,0,2020,1,0,2,1,3,1,9,1,3,900,9,402861
80,,10448,Pave,6,6,333.0,0,689,689,1378,741,0,2119,0,0,2,1,3,1,7,1,2,583,8,158000
60,79.0,10208,Pave,7,5,921.0,0,1264,1264,1277,1067,0,2344,0,0,2,1,3,1,7,1,3,889,7,265000
60,,9531,Pave,6,5,0.0,706,88,794,882,914,0,1796,1,0,2,1,3,1,7,0,2,546,5,211000
70,53.0,10918,Pave,7,9,0.0,0,1276,1276,1276,804,0,2080,0,0,1,1,3,1,9,2,1,282,6,234000
190,60.0,10800,Pave,4,7,0.0,0,0,0,694,600,0,1294,0,0,2,0,3,2,7,0,0,0,8,106250
20,90.0,11988,Pave,6,6,0.0,777,467,1244,1244,0,0,1244,0,0,1,1,3,1,6,2,1,336,5,150000
50,50.0,5000,Pave,6,7,0.0,399,605,1004,1004,660,0,1664,0,0,2,0,3,1,7,2,2,420,10,159000
60,130.0,40094,Pave,10,5,762.0,2260,878,3138,3138,1538,0,4676,1,0,3,1,3,1,11,1,3,884,10,184750
60,95.0,11787,Pave,7,5,594.0,719,660,1379,1383,1015,0,2398,1,0,2,1,3,1,8,1,3,834,8,315750
20,62.0,7500,Pave,7,5,0.0,0,1257,1257,1266,0,0,1266,0,0,2,0,3,1,6,1,2,453,4,176000
20,70.0,13300,Pave,5,7,0.0,377,551,928,928,0,0,928,0,0,1,0,2,1,4,0,1,252,6,132000
60,67.0,14948,Pave,9,5,268.0,1330,122,1452,1476,1237,0,2713,1,0,2,1,3,1,11,1,3,858,11,446261
30,58.0,9098,Pave,4,7,0.0,348,180,528,605,0,0,605,1,0,1,0,2,1,5,0,0,0,7,86000
20,,32668,Pave,6,3,,1219,816,2035,2515,0,0,2515,1,0,3,0,4,2,9,2,2,484,3,200624
80,85.0,10200,Pave,6,5,219.0,783,678,1461,1509,0,0,1509,1,0,2,0,3,1,5,1,2,600,8,175000
70,60.0,6155,Pave,6,8,0.0,0,611,611,751,611,0,1362,0,0,2,0,3,1,6,0,2,502,6,128000
20,60.0,7200,Pave,5,7,0.0,0,0,0,827,0,0,827,0,0,1,0,2,1,5,1,1,392,4,107500
20,50.0,5000,Pave,1,3,0.0,0,0,0,334,0,0,334,0,0,1,0,1,1,2,0,0,0,1,39300
60,74.0,9056,Pave,8,5,0.0,0,707,707,707,707,0,1414,0,0,2,1,3,1,6,1,2,403,10,178000
190,70.0,7000,Pave,5,7,0.0,969,148,1117,820,527,0,1347,1,0,1,0,3,1,5,0,0,0,1,107500
60,57.0,8924,Pave,7,5,0.0,0,880,880,880,844,0,1724,0,0,2,1,3,1,8,0,2,527,7,188000
20,,12735,Pave,4,5,0.0,600,264,864,864,0,0,864,0,0,1,0,3,1,5,0,2,576,4,111250
20,,11553,Pave,5,5,188.0,673,378,1051,1159,0,0,1159,0,0,1,1,3,1,7,1,1,336,7,158000
20,,11423,Pave,8,5,479.0,1358,223,1581,1601,0,0,1601,1,0,2,0,3,1,6,1,2,670,5,272000
20,85.0,14601,Pave,9,5,584.0,1260,578,1838,1838,0,0,1838,1,0,2,0,2,1,8,1,3,765,3,315000
60,,11000,Pave,8,5,72.0,0,969,969,997,1288,0,2285,0,0,2,1,4,1,8,1,3,648,6,248000
20,78.0,10140,Pave,7,5,0.0,144,379,1650,1680,0,0,1680,1,0,2,0,3,1,7,1,2,583,6,213250
120,34.0,4058,Pave,7,5,182.0,584,0,723,767,0,0,767,1,0,1,0,1,1,4,0,1,367,6,133000
60,58.0,17104,Pave,7,5,0.0,554,100,654,664,832,0,1496,1,0,2,1,3,1,7,1,2,426,9,179665
50,,13837,Pave,7,5,178.0,1002,0,1204,1377,806,0,2183,0,0,2,1,4,1,9,0,3,786,2,229000
50,70.0,8737,Pave,6,7,0.0,300,765,1065,915,720,0,1635,0,0,1,1,3,1,6,1,2,440,5,210000
85,54.0,7244,Pave,5,7,0.0,619,149,768,768,0,0,768,1,0,1,0,2,1,5,0,2,624,4,129500
20,49.0,8235,Pave,5,7,0.0,180,0,825,825,0,0,825,1,0,1,0,2,1,4,0,2,720,6,125000
60,75.0,9375,Pave,7,5,0.0,0,912,912,912,1182,0,2094,0,0,2,1,4,1,8,1,2,615,11,263000
120,53.0,4043,Pave,6,6,0.0,559,510,1069,1069,0,0,1069,0,0,2,0,2,1,4,0,2,440,10,140000
20,50.0,6000,Pave,5,6,0.0,308,620,928,928,0,0,928,0,0,1,0,3,1,5,0,1,288,6,112500
20,87.0,11146,Pave,8,5,250.0,0,1709,1709,1717,0,0,1717,0,0,2,0,3,1,7,1,3,908,7,255500
20,67.0,8777,Pave,4,5,0.0,0,0,0,1126,0,0,1126,0,0,2,0,2,1,5,0,2,520,5,108000
60,85.0,10625,Pave,7,5,292.0,866,132,998,1006,1040,0,2046,1,0,2,1,3,1,8,1,3,871,8,284000
45,58.0,6380,Pave,5,6,0.0,0,993,993,1048,0,0,1048,0,0,1,0,2,1,5,1,1,280,8,113000
20,69.0,14850,Pave,5,5,0.0,895,197,1092,1092,0,0,1092,1,0,1,0,2,1,6,1,1,299,5,141000
50,60.0,11040,Pave,4,6,0.0,637,0,637,897,439,0,1336,0,0,1,1,3,1,7,0,1,570,9,108000
60,57.0,21872,Pave,7,5,0.0,604,125,729,729,717,0,1446,0,1,2,1,3,1,6,1,2,406,8,175000
120,,3196,Pave,7,5,18.0,0,1374,1374,1557,0,0,1557,0,0,2,0,2,1,7,1,2,420,10,234000
20,,11341,Pave,5,6,180.0,1302,90,1392,1392,0,0,1392,1,0,1,1,3,1,5,1,2,528,5,121500
20,77.0,10010,Pave,5,5,0.0,1071,195,1389,1389,0,0,1389,1,0,1,0,2,1,6,1,2,418,4,170000
30,63.0,13907,Pave,5,6,0.0,290,706,996,996,0,0,996,1,0,1,0,3,1,6,1,0,0,7,108000
50,66.0,21780,Pave,6,7,0.0,0,1163,1163,1163,511,0,1674,0,0,2,0,4,1,8,1,2,396,7,185000
60,,13346,Pave,7,5,0.0,728,367,1095,1166,1129,0,2295,1,0,2,1,4,1,9,1,2,590,7,268000
70,66.0,6858,Pave,6,4,0.0,0,806,806,841,806,0,1647,1,0,1,1,4,1,6,0,1,216,5,128000
60,77.0,11198,Pave,9,5,245.0,0,1122,1122,1134,1370,0,2504,0,0,2,1,4,1,11,1,3,656,6,325000
20,70.0,10171,Pave,7,5,168.0,2,1515,1517,1535,0,0,1535,0,0,2,0,3,1,7,0,2,532,3,214000
50,79.0,12327,Pave,8,8,0.0,1441,55,1496,1496,636,0,2132,1,0,1,1,1,1,5,1,2,612,9,316600
90,,7032,Pave,5,5,0.0,943,0,943,943,0,0,943,1,0,1,0,2,1,4,2,2,600,12,135960
90,74.0,13101,Pave,5,5,108.0,231,1497,1728,1728,0,0,1728,0,0,2,0,6,2,10,0,2,576,11,142600
20,60.0,7332,Pave,6,6,207.0,414,450,864,864,0,0,864,1,0,1,0,2,1,4,0,1,288,10,120000
60,83.0,13159,Pave,7,5,0.0,0,846,846,846,846,0,1692,0,0,2,1,3,1,6,0,2,650,7,224500
80,76.0,9967,Pave,7,5,0.0,0,384,384,774,656,0,1430,0,0,2,1,3,1,8,1,2,400,12,170000
80,70.0,10500,Pave,5,7,82.0,349,23,372,576,533,0,1109,0,1,1,0,3,1,5,0,1,288,12,139000
50,80.0,8480,Pave,5,5,0.0,442,390,832,832,384,0,1216,0,0,1,0,2,1,6,0,1,336,10,118500
50,52.0,6292,Pave,7,7,0.0,0,861,861,877,600,0,1477,0,1,2,0,3,1,6,1,1,216,8,145000
80,96.0,11777,Pave,5,6,97.0,328,285,1164,1320,0,0,1320,1,0,1,0,3,1,6,2,2,564,5,164500
160,34.0,3604,Pave,7,5,0.0,0,689,689,703,689,0,1392,0,0,2,0,2,1,5,0,2,540,2,146000
50,81.0,12150,Pave,5,5,335.0,0,1050,1050,1050,745,0,1795,0,0,2,0,4,1,7,0,1,352,11,131500
20,,14585,Pave,6,6,85.0,594,331,1144,1429,0,0,1429,0,1,1,0,3,1,7,2,2,572,6,181900
20,98.0,12704,Pave,8,5,306.0,0,2042,2042,2042,0,0,2042,0,0,2,1,3,1,8,1,3,1390,8,253293
90,81.0,11841,Grvl,6,5,104.0,816,0,816,816,0,0,816,1,0,1,0,3,1,5,0,0,0,5,118500
75,75.0,13500,Pave,10,9,0.0,0,1237,1237,1521,1254,0,2775,0,0,3,1,3,1,9,1,2,880,7,325000
50,51.0,6120,Pave,4,7,0.0,0,884,884,989,584,0,1573,0,0,1,0,3,1,6,0,1,240,7,133000
20,88.0,11443,Pave,8,5,208.0,1460,408,1868,2028,0,0,2028,1,0,2,0,2,1,7,2,3,880,3,369900
30,55.0,10267,Pave,6,7,0.0,210,0,816,838,0,0,838,1,0,1,0,2,1,5,0,1,275,5,130000
85,74.0,8740,Pave,5,6,0.0,672,168,840,860,0,0,860,1,0,1,0,2,1,4,0,2,528,7,137000
20,65.0,25095,Pave,5,8,0.0,1324,113,1437,1473,0,0,1473,2,0,1,0,1,1,5,2,1,452,6,143000
40,50.0,9100,Pave,5,6,0.0,0,742,742,779,0,156,935,0,0,1,0,2,1,4,0,1,308,8,79500
60,64.0,8320,Pave,7,5,0.0,490,280,770,770,812,0,1582,0,0,2,1,3,1,6,0,2,520,9,185900
60,97.0,13478,Pave,10,5,420.0,1338,384,1722,1728,568,0,2296,1,0,2,1,3,1,10,1,3,842,6,451950
20,60.0,6600,Pave,5,8,0.0,816,0,816,816,0,0,816,1,0,1,0,2,1,4,0,2,816,6,138000
120,,4435,Pave,6,5,170.0,685,163,848,848,0,0,848,1,0,1,0,1,1,4,0,2,420,5,140000
20,88.0,7990,Pave,5,6,0.0,0,924,924,924,0,0,924,0,0,1,0,3,1,5,0,1,280,4,110000
20,69.0,11302,Pave,8,5,238.0,1422,392,1814,1826,0,0,1826,1,0,2,0,3,1,7,1,3,758,8,319000
70,60.0,3600,Pave,6,7,0.0,0,684,684,684,684,0,1368,0,0,1,0,3,1,7,0,1,216,10,114504
120,53.0,3922,Pave,7,5,72.0,0,1258,1258,1402,0,0,1402,0,2,0,2,2,1,7,1,3,648,2,194201
20,80.0,12984,Pave,5,6,459.0,1283,0,1430,1647,0,0,1647,1,0,2,0,3,1,7,1,2,621,3,217500
160,24.0,1950,Pave,6,6,0.0,81,23,716,716,840,0,1556,1,0,2,1,3,1,6,1,2,452,7,151000
60,74.0,10927,Pave,8,5,280.0,546,512,1058,1058,846,0,1904,1,0,2,1,3,1,8,1,2,736,6,275000
50,50.0,9000,Pave,6,6,0.0,0,780,780,780,595,0,1375,0,0,1,1,3,1,6,1,1,544,12,141000
60,80.0,10041,Pave,8,5,0.0,789,119,908,927,988,0,1915,1,0,2,1,3,1,8,1,2,506,2,220000
160,30.0,3182,Pave,7,5,0.0,0,600,600,600,600,0,1200,0,0,2,1,2,1,4,0,2,480,6,151000
20,88.0,12803,Pave,7,5,99.0,922,572,1494,1494,0,0,1494,1,0,2,0,3,1,6,1,2,530,9,221000
60,85.0,13600,Pave,7,6,176.0,454,314,768,1186,800,0,1986,0,0,2,1,3,1,7,3,2,486,10,205000
20,82.0,12464,Pave,5,5,0.0,732,308,1040,1040,0,0,1040,1,0,1,0,3,1,6,0,2,576,11,152000
20,78.0,7800,Pave,5,8,0.0,603,293,896,1112,896,0,2008,1,0,3,0,3,1,8,0,1,230,8,225000
70,78.0,12168,Pave,8,6,0.0,428,537,965,1940,1254,0,3194,0,0,2,1,4,1,10,2,2,380,9,359100
20,61.0,7943,Pave,4,5,192.0,903,126,1029,1029,0,0,1029,1,0,1,0,3,1,5,0,1,261,4,118500
60,,11050,Pave,9,5,204.0,904,536,1440,1476,677,0,2153,1,0,2,1,3,1,8,2,3,736,5,313000
80,,10395,Pave,6,6,233.0,605,427,1032,1032,0,0,1032,0,1,2,0,3,1,6,1,2,564,7,148000
60,,11885,Pave,8,5,108.0,990,309,1299,1299,573,0,1872,1,0,2,1,3,1,7,1,2,531,11,261500
20,70.0,8402,Pave,5,5,0.0,206,914,1120,1120,0,0,1120,0,0,1,0,3,1,6,0,0,0,12,147000
180,21.0,1491,Pave,4,6,0.0,150,0,630,630,0,0,630,1,0,1,0,1,1,3,0,0,0,5,75500
85,80.0,8800,Pave,6,7,156.0,763,173,936,1054,0,0,1054,1,0,1,0,3,1,6,0,2,480,5,137500
60,,7861,Pave,6,5,0.0,457,326,783,807,702,0,1509,1,0,2,1,3,1,7,1,2,393,6,183200
45,59.0,7227,Pave,6,6,0.0,0,832,832,832,0,0,832,0,0,1,0,2,1,4,0,2,528,6,105500
20,90.0,11694,Pave,9,5,452.0,48,1774,1822,1828,0,0,1828,0,0,2,0,3,1,9,1,3,774,7,314813
60,85.0,12244,Pave,8,5,226.0,871,611,1482,1482,780,0,2262,1,0,2,1,4,1,10,2,3,749,8,305000
30,45.0,8248,Pave,3,3,0.0,41,823,864,864,0,0,864,1,0,1,0,2,1,5,0,0,0,9,67000
60,90.0,10800,Pave,6,7,0.0,956,384,1522,1548,1066,0,2614,0,0,2,1,4,1,9,1,2,624,6,240000
20,71.0,7064,Pave,5,6,153.0,560,420,980,980,0,0,980,0,0,1,0,3,1,6,0,2,484,7,135000
160,,2117,Pave,6,5,513.0,420,336,756,756,756,0,1512,0,0,2,1,2,1,4,1,2,440,6,168500
60,80.0,10400,Pave,6,5,288.0,247,485,732,1012,778,0,1790,1,0,1,2,4,1,8,1,2,484,11,165150
20,87.0,10000,Pave,6,6,261.0,0,1116,1116,1116,0,0,1116,0,0,1,1,3,1,5,0,2,440,2,160000
20,,12342,Pave,5,5,0.0,0,978,978,1422,0,0,1422,0,0,1,0,3,1,6,1,1,286,8,139900
80,80.0,9600,Pave,6,6,164.0,674,350,1156,1520,0,0,1520,1,0,1,0,3,1,7,2,1,364,3,153000
60,70.0,11606,Pave,5,5,192.0,650,390,1040,1040,1040,0,2080,0,1,1,2,5,1,9,2,2,504,9,135000
80,82.0,9020,Pave,6,5,259.0,624,288,1248,1350,0,0,1350,1,0,1,1,3,1,6,0,2,520,6,168500
70,50.0,9000,Pave,5,6,0.0,0,636,636,1089,661,0,1750,0,0,1,0,3,1,8,0,1,240,6,124000
120,34.0,4590,Pave,8,5,108.0,24,1530,1554,1554,0,0,1554,0,0,2,0,2,1,6,1,2,627,8,209500
20,85.0,11900,Pave,7,5,209.0,822,564,1386,1411,0,0,1411,0,0,2,0,3,1,6,1,2,544,4,82500
20,80.0,9250,Pave,5,7,0.0,480,108,1056,1056,0,0,1056,0,1,1,0,3,1,6,0,1,260,7,139400
90,64.0,6979,Pave,6,5,0.0,1056,0,1056,1056,0,0,1056,2,0,0,0,0,2,4,0,2,576,6,144000
190,60.0,10896,Pave,6,7,0.0,256,1184,1440,1440,1440,515,3395,0,0,2,0,8,2,14,0,0,0,3,200000
30,51.0,6120,Pave,2,3,0.0,0,264,264,800,0,0,800,0,0,1,0,1,1,4,1,0,0,1,60000
190,50.0,6000,Pave,5,4,0.0,0,811,811,811,576,0,1387,0,0,2,0,3,2,7,0,1,256,11,93000
30,67.0,8777,Pave,5,7,0.0,0,796,796,796,0,0,796,0,0,1,0,2,1,4,0,0,0,5,85000
120,53.0,3982,Pave,8,5,0.0,1154,366,1520,1567,0,0,1567,1,0,2,0,1,1,7,1,3,648,10,264561
120,62.0,12677,Pave,8,5,472.0,1218,300,1518,1518,0,0,1518,0,0,1,1,1,1,6,1,2,588,4,274000
60,,7050,Pave,7,5,0.0,738,319,1057,1057,872,0,1929,1,0,2,1,3,1,7,1,2,650,5,226000
80,75.0,13860,Pave,8,7,0.0,1410,542,1952,2000,704,0,2704,1,0,2,1,4,1,9,3,2,538,7,345000
60,80.0,10793,Pave,5,5,263.0,493,0,780,780,840,0,1620,0,0,2,1,4,1,7,0,2,462,4,152000
20,85.0,9187,Pave,9,5,162.0,1121,645,1766,1766,0,0,1766,1,0,2,1,2,1,7,1,3,478,10,370878
20,,10530,Pave,6,5,0.0,282,664,981,981,0,0,981,1,0,1,1,3,1,5,0,2,576,3,143250
20,60.0,7200,Pave,5,5,0.0,0,0,0,1048,0,0,1048,0,0,1,0,3,1,7,0,2,420,7,98300
20,85.0,10452,Pave,6,5,216.0,500,594,1094,1094,0,0,1094,0,0,1,0,3,1,5,2,2,495,6,155000
60,70.0,7700,Pave,6,5,351.0,0,756,756,1051,788,0,1839,0,0,1,1,4,1,7,1,2,442,6,155000
180,21.0,1936,Pave,4,6,0.0,131,0,630,630,0,0,630,1,0,1,0,1,1,3,0,0,0,12,84500
60,65.0,8125,Pave,7,6,,0,813,813,822,843,0,1665,0,0,2,1,3,1,7,0,2,562,5,205950
70,60.0,9084,Pave,4,5,0.0,0,755,755,755,755,0,1510,1,0,1,0,4,1,7,1,1,296,10,108000
60,70.0,8750,Pave,7,5,0.0,0,880,880,909,807,0,1716,0,0,2,1,2,1,7,1,2,512,7,191000
50,60.0,10320,Pave,6,7,0.0,0,756,756,756,713,0,1469,0,0,1,0,3,1,7,0,1,216,6,135000
20,91.0,10437,Pave,8,6,660.0,1696,413,2109,2113,0,0,2113,1,0,2,1,2,1,7,1,3,839,8,350000
160,21.0,1680,Pave,6,5,381.0,0,525,525,525,567,0,1092,0,0,1,1,3,1,6,0,1,264,3,88000
20,72.0,10007,Pave,5,7,54.0,806,247,1053,1053,0,0,1053,1,0,1,1,3,1,5,0,1,312,8,145500
70,60.0,7200,Pave,7,6,0.0,0,776,776,851,651,0,1502,0,0,1,1,3,1,6,1,1,270,2,149000
50,78.0,17503,Pave,6,5,0.0,0,912,912,912,546,0,1458,0,1,1,0,3,1,6,1,1,330,1,97500
20,75.0,9937,Pave,5,7,0.0,637,849,1486,1486,0,0,1486,1,0,1,0,3,1,7,0,2,480,3,167000
60,,12384,Pave,7,7,233.0,0,793,793,1142,793,0,1935,0,0,2,1,3,1,7,1,2,550,11,197900
60,52.0,46589,Pave,8,7,528.0,1361,88,1629,1686,762,0,2448,1,0,2,1,4,1,8,1,3,711,7,402000
20,120.0,13560,Pave,6,3,216.0,0,1392,1392,1392,0,0,1392,1,0,1,0,2,1,5,2,2,576,7,110000
85,90.0,10012,Pave,4,5,0.0,920,38,1138,1181,0,0,1181,1,0,2,0,3,1,6,0,2,588,4,137500
20,49.0,20896,Pave,8,5,0.0,1721,356,2077,2097,0,0,2097,1,0,1,1,1,1,8,1,3,1134,1,423000
60,106.0,11194,Pave,8,5,40.0,0,1406,1406,1454,482,0,1936,0,0,2,1,3,1,7,1,2,504,11,230500
60,,18450,Pave,6,5,113.0,187,111,1021,1465,915,0,2380,0,0,2,1,3,1,7,1,2,596,8,129000
20,65.0,8125,Pave,6,5,258.0,1138,270,1408,1679,0,0,1679,1,0,2,0,3,1,7,1,2,575,10,193500
20,,14175,Pave,5,6,0.0,988,200,1188,1437,0,0,1437,1,0,1,1,3,1,6,1,2,576,11,168000
30,80.0,11600,Pave,4,5,0.0,0,700,700,1180,0,0,1180,0,0,1,0,2,1,5,1,1,252,7,137500
60,64.0,8633,Pave,6,5,0.0,193,545,738,738,738,0,1476,1,0,2,1,3,1,7,0,2,540,2,173500
70,54.0,6629,Pave,6,6,0.0,551,121,672,697,672,0,1369,1,0,2,0,3,1,6,0,1,300,7,103600
20,,11250,Pave,6,6,0.0,767,441,1208,1208,0,0,1208,1,0,1,1,3,1,6,1,2,546,6,165000
20,110.0,14442,Pave,6,7,106.0,1186,291,1477,1839,0,0,1839,1,0,2,0,3,1,7,2,2,416,6,257500
20,80.0,9200,Pave,6,6,0.0,892,244,1136,1136,0,0,1136,1,0,1,0,3,1,5,1,1,384,7,140000
160,24.0,2289,Pave,6,6,0.0,311,544,855,855,586,0,1441,0,0,2,1,3,1,7,1,2,440,4,148500
70,60.0,9600,Pave,4,2,0.0,0,1095,1095,1095,679,0,1774,1,0,2,0,4,2,8,0,3,779,5,87000
30,52.0,9022,Pave,5,8,0.0,0,768,768,792,0,0,792,0,0,1,0,2,1,5,0,1,240,5,109500
20,80.0,11844,Pave,8,5,464.0,0,2046,2046,2046,0,0,2046,0,0,2,1,3,1,7,1,3,834,7,372500
20,,9945,Pave,5,5,57.0,827,161,988,988,0,0,988,1,0,1,0,3,1,5,0,2,572,10,128500
120,50.0,8012,Pave,6,5,0.0,543,261,923,923,0,0,923,0,0,2,0,2,1,5,1,1,264,5,143000
50,55.0,4500,Pave,5,5,0.0,182,611,793,848,672,0,1520,0,0,1,0,3,1,6,0,1,281,7,159434
120,,2887,Pave,6,5,0.0,1003,288,1291,1291,0,0,1291,1,0,1,0,2,1,6,1,2,431,11,173000
20,90.0,11248,Pave,9,5,215.0,1059,567,1626,1668,0,0,1668,1,0,2,0,3,1,7,1,3,702,7,285000
60,58.0,16770,Pave,7,5,30.0,0,1195,1195,1195,644,0,1839,0,0,2,1,4,1,7,0,2,486,6,221000
160,,5062,Pave,7,5,0.0,828,180,1190,1190,900,0,2090,1,0,2,0,3,1,6,1,2,577,9,207500
60,84.0,10207,Pave,7,6,0.0,0,874,874,874,887,0,1761,0,0,3,0,3,1,7,0,2,578,8,227875
160,,5105,Pave,7,5,0.0,239,312,551,551,551,0,1102,0,0,2,1,2,1,4,0,2,480,3,148800
20,60.0,8089,Pave,8,6,0.0,945,474,1419,1419,0,0,1419,1,0,2,0,2,1,7,1,2,567,10,392000
120,61.0,7577,Pave,6,5,256.0,20,1342,1362,1362,0,0,1362,0,0,2,0,2,1,6,1,2,460,6,194700
120,,4426,Pave,6,5,147.0,697,151,848,848,0,0,848,1,0,1,0,1,1,3,1,2,420,5,141000
60,104.0,21535,Pave,10,6,1170.0,1455,989,2444,2444,1872,0,4316,0,1,3,1,4,1,10,2,3,832,1,755000
60,42.0,26178,Pave,7,5,293.0,965,245,1210,1238,1281,0,2519,1,0,2,1,4,1,9,2,2,628,4,335000
30,60.0,5400,Pave,5,6,0.0,0,1073,1073,1073,0,0,1073,0,0,1,0,2,1,4,0,1,326,12,108480
50,51.0,6120,Pave,5,6,0.0,0,927,927,1067,472,0,1539,0,0,1,1,3,1,5,0,2,576,4,141500
20,54.0,13811,Pave,6,6,72.0,980,92,1112,1137,0,0,1137,1,0,2,0,2,1,5,1,2,551,7,176000
30,50.0,6000,Pave,5,7,0.0,616,0,616,616,0,0,616,0,0,1,0,2,1,4,0,1,205,6,89000
20,57.0,6420,Pave,5,7,0.0,210,219,980,1148,0,0,1148,0,1,1,0,2,1,6,0,1,308,9,123500
20,65.0,8450,Pave,5,8,0.0,553,224,894,894,0,0,894,1,0,1,0,3,1,5,1,1,336,4,138500
120,59.0,4282,Pave,7,5,0.0,16,1375,1391,1391,0,0,1391,0,0,2,0,2,1,5,0,2,530,7,196000
20,85.0,14331,Pave,8,5,630.0,1274,526,1800,1800,0,0,1800,1,0,2,0,3,1,7,1,3,765,5,312500
20,80.0,9600,Pave,7,5,168.0,0,1164,1164,1164,0,0,1164,0,0,1,1,3,1,6,0,2,528,7,140000
60,82.0,12438,Pave,8,5,466.0,0,1234,1234,1264,1312,0,2576,0,0,2,1,4,1,10,1,3,666,7,361919
190,76.0,7630,Pave,5,9,0.0,0,360,360,1032,780,0,1812,0,0,2,0,4,2,8,1,2,672,5,140000
20,70.0,8400,Pave,7,5,109.0,712,761,1473,1484,0,0,1484,1,0,2,0,3,1,7,0,2,606,5,213000
190,70.0,5600,Pave,4,5,0.0,0,0,0,372,720,0,1092,0,0,2,0,3,2,7,0,0,0,7,55000
20,,115149,Pave,7,5,351.0,1219,424,1643,1824,0,0,1824,1,0,2,0,2,1,5,2,2,739,6,302000
120,48.0,6240,Pave,8,5,176.0,863,461,1324,1324,0,0,1324,1,0,2,0,2,1,6,1,2,550,12,254000
60,65.0,9018,Pave,7,5,0.0,0,728,728,728,728,0,1456,0,0,2,1,3,1,8,1,2,400,7,179540
20,,7162,Pave,5,7,41.0,0,876,876,904,0,0,904,0,0,1,0,3,1,6,0,1,408,12,109900
30,56.0,4130,Pave,3,6,0.0,0,270,270,729,0,0,729,0,0,1,0,2,1,5,0,0,0,7,52000
50,66.0,8712,Pave,4,7,0.0,0,859,859,859,319,0,1178,0,0,1,0,2,1,7,0,1,384,1,102776
120,40.0,4671,Pave,8,5,0.0,767,461,1228,1228,0,0,1228,1,0,2,0,2,1,5,1,2,472,10,189000
190,60.0,9873,Pave,4,5,160.0,789,171,960,960,0,0,960,1,0,1,0,3,1,6,0,2,576,5,129000
60,,13517,Pave,6,8,289.0,533,192,725,725,754,0,1479,0,0,2,1,3,1,6,0,2,475,3,130500
20,78.0,10140,Pave,6,5,174.0,0,1064,1064,1350,0,0,1350,0,0,2,0,3,1,7,1,2,478,8,165000
70,60.0,10800,Pave,7,8,0.0,0,718,718,1576,978,0,2554,0,0,1,1,3,1,8,0,2,704,7,159500
20,80.0,10000,Pave,5,6,0.0,1084,92,1176,1178,0,0,1178,0,1,1,1,3,1,5,1,2,439,11,157000
60,96.0,10542,Pave,7,5,651.0,1173,138,1311,1325,1093,0,2418,1,0,2,1,3,1,9,1,3,983,8,341000
20,69.0,9920,Pave,5,6,0.0,523,448,971,971,0,0,971,0,0,1,1,3,1,5,1,1,300,5,128500
120,,6563,Pave,8,5,0.0,1148,594,1742,1742,0,0,1742,1,0,2,0,2,1,5,1,2,564,12,275000
120,,4426,Pave,6,5,169.0,662,186,848,848,0,0,848,1,0,1,0,1,1,3,0,2,420,5,143000
20,70.0,8120,Pave,4,7,0.0,191,673,864,864,0,0,864,0,0,1,0,3,1,5,0,2,463,7,124500
50,60.0,8172,Pave,4,6,0.0,0,941,941,997,473,0,1470,0,0,2,0,4,1,7,0,1,548,5,135000
20,86.0,13286,Pave,9,5,340.0,1234,464,1698,1698,0,0,1698,1,0,2,0,3,1,8,1,3,768,2,320000
20,60.0,6960,Pave,4,6,0.0,375,250,864,864,0,0,864,0,0,1,0,3,1,5,0,2,660,11,120500
20,,21695,Pave,6,9,260.0,808,72,880,1680,0,0,1680,1,0,2,0,3,1,5,1,2,540,12,222000
20,64.0,7314,Pave,7,5,82.0,724,508,1232,1232,0,0,1232,1,0,2,0,2,1,6,0,2,632,2,194500
90,85.0,11475,Pave,5,5,95.0,0,1584,1584,1776,0,0,1776,1,0,2,0,4,2,9,0,3,888,7,110000
30,52.0,6240,Pave,4,5,0.0,152,628,780,848,0,360,1208,0,0,1,0,2,1,5,0,2,539,1,103000
120,39.0,5389,Pave,8,5,0.0,1180,415,1595,1616,0,0,1616,1,0,2,0,2,1,5,1,2,608,3,236500
80,73.0,9590,Pave,7,5,442.0,786,82,868,1146,0,0,1146,1,0,2,0,3,1,6,1,2,438,5,187500
60,75.0,11404,Pave,7,5,202.0,252,901,1153,1153,878,0,2031,0,0,2,1,3,1,8,1,2,541,7,222500
20,80.0,10000,Pave,5,6,0.0,594,270,864,1144,0,0,1144,1,0,1,0,3,1,6,1,1,264,3,131400
20,,8978,Pave,5,5,0.0,0,948,948,948,0,0,948,0,0,1,0,3,1,6,0,1,300,5,108000
75,60.0,10800,Pave,7,7,0.0,390,490,880,880,888,0,1768,0,0,1,1,2,1,6,2,2,320,10,163000
90,60.0,8544,Pave,3,4,0.0,0,0,0,1040,0,0,1040,0,0,2,0,2,2,6,0,2,400,7,93500
60,72.0,10463,Pave,8,5,0.0,0,893,893,901,900,0,1801,0,0,2,1,3,1,8,1,3,800,6,239900
90,60.0,10800,Pave,5,5,0.0,1200,0,1200,1200,0,0,1200,3,0,3,0,3,1,5,0,0,0,3,179000
60,65.0,9313,Pave,7,5,0.0,0,864,864,864,864,0,1728,0,0,2,1,3,1,7,0,2,572,4,190000
70,60.0,9600,Pave,5,7,0.0,0,264,264,768,664,0,1432,0,0,2,0,2,1,7,0,2,360,5,132000
20,65.0,6768,Pave,6,8,0.0,832,80,912,912,0,0,912,1,1,1,0,3,1,5,0,1,288,5,142000
20,65.0,8450,Pave,7,5,108.0,0,1349,1349,1349,0,0,1349,0,0,2,0,3,1,6,0,2,539,12,179000
80,70.0,12886,Pave,5,6,0.0,444,76,520,1464,0,0,1464,0,1,2,0,3,1,6,1,2,480,10,175000
120,41.0,5395,Pave,8,5,0.0,733,604,1337,1337,0,0,1337,1,0,2,0,2,1,5,1,2,462,10,180000
60,,8963,Pave,8,9,289.0,575,487,1142,1175,1540,0,2715,0,1,3,1,4,1,11,2,2,831,7,299800
60,,8795,Pave,7,5,0.0,300,652,952,980,1276,0,2256,0,0,2,1,4,1,8,1,2,554,4,236000
70,65.0,11700,Pave,7,7,0.0,0,1240,1240,1320,1320,0,2640,0,0,1,1,4,1,8,1,4,864,5,265979
20,59.0,10593,Pave,7,5,338.0,919,801,1720,1720,0,0,1720,1,0,2,0,3,1,7,1,2,527,3,260400
50,50.0,8405,Pave,4,3,0.0,0,0,0,1088,441,0,1529,0,0,2,0,4,1,9,0,1,240,4,98000
50,55.0,8800,Pave,4,7,0.0,0,576,576,792,348,0,1140,0,0,1,0,3,1,7,0,0,0,6,96500
60,,7750,Pave,7,5,0.0,0,660,660,660,660,0,1320,0,0,2,1,3,1,6,0,2,400,8,162000
20,79.0,9236,Pave,6,5,0.0,1200,279,1479,1494,0,0,1494,1,0,2,0,3,1,6,0,2,576,7,217000
60,80.0,10240,Pave,8,5,178.0,0,1030,1030,1038,1060,0,2098,0,0,2,1,3,1,8,1,3,878,3,275500
20,61.0,7930,Pave,6,8,0.0,439,115,1026,1026,0,0,1026,1,0,1,0,3,1,5,0,2,440,7,156000
160,34.0,3230,Pave,6,5,894.0,381,348,729,742,729,0,1471,0,0,2,1,3,1,6,0,2,440,3,172500
60,68.0,10769,Pave,8,5,0.0,20,846,866,866,902,0,1768,0,0,2,1,3,1,7,0,2,578,4,212000
60,,11616,Pave,6,5,328.0,438,234,672,672,714,0,1386,0,0,2,1,3,1,6,1,2,440,4,158900
160,24.0,2280,Pave,7,5,360.0,549,195,744,757,744,0,1501,0,0,2,1,3,1,6,0,2,440,8,179400
60,65.0,12257,Pave,8,5,513.0,56,1198,1318,1328,1203,0,2531,0,0,2,1,4,1,9,1,3,752,11,290000
20,70.0,9100,Pave,6,6,0.0,612,252,864,864,0,0,864,0,0,1,0,2,1,5,0,1,300,10,127500
30,60.0,6911,Pave,5,5,0.0,405,740,1145,1301,0,0,1301,0,0,1,0,2,1,5,0,2,440,10,100000
60,72.0,8640,Pave,7,5,0.0,24,732,756,764,783,0,1547,0,0,2,1,3,1,7,0,2,614,6,215200
60,82.0,9430,Pave,8,5,673.0,1163,89,1252,1268,1097,0,2365,1,0,2,1,3,1,8,1,3,856,7,337000
120,30.0,9549,Pave,8,5,0.0,437,0,1494,1494,0,0,1494,1,0,1,1,2,1,6,1,2,481,4,270000
20,75.0,14587,Pave,9,5,284.0,0,1498,1498,1506,0,0,1506,0,0,2,0,2,1,6,1,2,592,8,264132
60,80.0,10421,Pave,7,5,42.0,394,586,980,980,734,0,1714,0,0,2,1,3,1,7,1,2,496,3,196500
50,75.0,12508,Pave,6,7,0.0,660,323,983,983,767,0,1750,1,0,2,0,4,1,7,0,1,423,7,160000
20,70.0,9100,Pave,7,5,0.0,24,1836,1860,1836,0,0,1836,0,0,2,0,3,1,8,1,2,484,10,216837
60,47.0,53504,Pave,8,5,603.0,1416,234,1650,1690,1589,0,3279,1,0,3,1,4,1,12,1,3,841,6,538000
85,,7252,Pave,5,5,0.0,685,173,858,858,0,0,858,1,0,1,0,2,1,5,0,2,576,4,134900
20,67.0,8877,Pave,4,5,0.0,836,0,836,1220,0,0,1220,0,0,1,0,2,1,6,0,2,396,4,102000
80,94.0,7819,Pave,6,5,0.0,422,480,1029,1117,0,0,1117,1,0,1,0,3,1,6,1,2,672,3,107000
20,70.0,10150,Pave,5,5,1.0,456,456,912,912,0,0,912,0,0,1,0,2,1,5,0,1,275,7,114500
20,110.0,14226,Pave,8,5,375.0,0,1935,1935,1973,0,0,1973,0,0,2,0,3,1,9,1,3,895,7,395000
120,32.0,4500,Pave,6,5,320.0,866,338,1204,1204,0,0,1204,1,0,2,0,2,1,5,0,2,412,6,162000
20,86.0,11210,Pave,7,5,240.0,20,1594,1614,1614,0,0,1614,0,0,2,0,3,1,7,0,3,865,7,221500
20,100.0,13350,Pave,5,5,0.0,762,102,864,894,0,0,894,1,0,1,0,3,1,5,1,2,440,6,142500
90,60.0,8400,Pave,5,5,320.0,0,0,0,2020,0,0,2020,0,0,2,0,4,2,10,2,2,630,10,144000
90,78.0,10530,Pave,6,5,90.0,975,0,975,1004,0,0,1004,1,0,1,0,2,1,4,0,2,504,5,135000
20,63.0,7875,Pave,7,5,38.0,0,1237,1237,1253,0,0,1253,0,0,2,0,3,1,6,1,2,402,6,176000
60,65.0,7153,Pave,6,5,0.0,387,374,761,810,793,0,1603,0,0,2,1,3,1,7,0,2,484,7,175900
20,67.0,16285,Pave,7,5,0.0,0,1413,1413,1430,0,0,1430,0,0,2,0,3,1,6,0,2,605,6,187100
85,,9101,Pave,5,6,104.0,1097,0,1097,1110,0,0,1110,1,0,1,0,1,1,4,1,2,602,7,165500
75,35.0,6300,Pave,6,6,0.0,0,742,742,742,742,0,1484,0,0,2,0,3,1,9,1,0,0,6,128000
20,,9790,Pave,6,5,0.0,251,491,1372,1342,0,0,1342,0,0,2,0,3,1,7,1,2,457,9,161500
50,60.0,10800,Pave,5,6,0.0,686,0,686,966,686,0,1652,1,0,2,0,4,1,7,0,1,416,6,139000
60,76.0,10142,Pave,7,5,0.0,656,300,956,956,1128,0,2084,1,0,2,1,4,1,8,0,2,618,1,233000
20,50.0,6000,Pave,4,7,0.0,0,901,901,901,0,0,901,0,0,1,0,2,1,4,0,1,281,8,107900
60,,12205,Pave,6,8,157.0,568,264,832,976,1111,0,2087,0,0,2,1,5,1,9,0,2,444,7,187500
120,43.0,3182,Pave,7,5,11.0,16,1129,1145,1145,0,0,1145,0,0,2,0,2,1,5,1,2,397,9,160200
80,,11333,Pave,6,5,0.0,539,490,1029,1062,0,0,1062,1,0,1,0,3,1,5,2,2,539,5,146800
60,92.0,9920,Pave,7,5,0.0,862,255,1117,1127,886,0,2013,1,0,2,1,3,1,8,1,2,455,6,269790
20,76.0,9158,Pave,8,5,140.0,0,1496,1496,1496,0,0,1496,0,0,2,0,3,1,7,0,2,474,6,225000
60,,10832,Pave,7,5,0.0,0,712,712,1086,809,0,1895,0,0,2,1,3,1,7,1,2,409,10,194500
60,70.0,8400,Pave,6,6,130.0,0,650,650,888,676,0,1564,0,0,2,1,3,1,7,1,2,476,4,171000
20,71.0,8197,Pave,6,5,148.0,0,660,660,1285,0,0,1285,0,0,1,1,3,1,7,1,2,528,4,143500
20,57.0,7677,Pave,5,5,0.0,570,203,773,773,0,0,773,0,0,1,0,2,1,4,0,1,240,4,110000
60,104.0,13518,Pave,9,5,860.0,0,1926,1926,1966,1174,0,3140,0,0,3,1,4,1,11,2,3,820,7,485000
50,60.0,7200,Pave,5,7,252.0,569,162,731,981,787,0,1768,1,0,1,1,3,1,7,2,1,240,6,175000
60,79.0,12798,Pave,6,5,0.0,462,154,616,616,1072,0,1688,1,0,2,1,4,1,8,0,2,603,5,200000
30,40.0,4800,Pave,4,7,0.0,197,999,1196,1196,0,0,1196,1,0,1,0,2,1,5,0,2,440,7,109900
60,63.0,8199,Pave,7,5,0.0,648,80,728,728,728,0,1456,1,0,2,1,3,1,7,1,2,410,10,189000
60,107.0,13891,Pave,9,5,424.0,0,1734,1734,1734,1088,0,2822,0,0,3,1,4,1,12,1,3,1020,1,582933
20,75.0,9000,Pave,5,5,0.0,812,124,936,1128,0,0,1128,0,0,1,0,2,1,5,0,1,286,6,118000
20,91.0,12274,Pave,7,5,256.0,0,1417,1417,1428,0,0,1428,0,0,2,0,3,1,6,0,2,554,7,227680
80,75.0,9750,Pave,5,5,0.0,400,100,980,980,0,0,980,0,0,2,0,3,1,6,0,1,384,10,135500
70,144.0,21384,Pave,5,6,0.0,1309,15,1324,1072,504,0,1576,2,0,1,1,3,1,6,1,2,528,5,223500
80,85.0,13400,Pave,5,5,1047.0,516,380,1024,1086,0,0,1086,1,0,1,0,3,1,6,1,2,484,6,159950
75,90.0,8100,Pave,5,5,0.0,0,849,849,1075,1063,0,2138,0,0,2,0,2,3,11,0,2,360,11,106000
20,78.0,10140,Pave,6,6,99.0,663,0,1040,1309,0,0,1309,1,0,1,1,3,1,5,1,2,484,1,181000
120,,4438,Pave,6,5,169.0,662,186,848,848,0,0,848,1,0,1,0,1,1,4,1,2,420,6,144500
20,66.0,8712,Grvl,5,5,0.0,0,540,540,1044,0,0,1044,0,0,1,0,2,1,4,0,2,504,6,55993
20,75.0,9750,Pave,6,6,243.0,608,834,1442,1442,0,0,1442,0,0,1,1,4,1,7,0,1,301,4,157900
50,45.0,8248,Pave,5,7,0.0,0,686,686,686,564,0,1250,0,1,1,1,3,1,7,0,1,280,7,116000
20,48.0,12137,Pave,7,5,442.0,0,1649,1649,1661,0,0,1661,0,0,2,0,3,1,6,0,2,598,5,224900
20,,11425,Pave,5,6,0.0,486,522,1008,1008,0,0,1008,0,0,1,0,2,1,4,1,1,275,7,137000
20,,13265,Pave,8,5,148.0,1218,350,1568,1689,0,0,1689,1,0,2,0,3,1,7,2,3,857,7,271000
80,80.0,8816,Pave,6,7,80.0,504,506,1010,1052,0,0,1052,1,0,1,0,3,1,6,0,2,440,6,155000
120,44.0,6371,Pave,7,5,128.0,733,625,1358,1358,0,0,1358,1,0,2,0,2,1,6,1,2,484,6,224000
60,72.0,7226,Pave,7,5,0.0,0,798,798,798,842,0,1640,0,0,2,1,3,1,6,0,2,595,6,183000
20,60.0,6000,Pave,4,4,0.0,0,936,936,936,0,0,936,0,0,1,0,2,1,4,0,2,576,2,93000
60,,12394,Pave,7,5,0.0,0,847,847,847,886,0,1733,0,0,2,1,3,1,7,1,2,433,10,225000
50,60.0,9900,Pave,6,7,0.0,0,778,778,944,545,0,1489,0,0,2,0,3,1,7,1,1,240,7,139500
20,81.0,11216,Pave,8,5,0.0,0,1489,1489,1489,0,0,1489,0,0,2,0,3,1,7,1,2,776,6,232600
20,114.0,14803,Pave,10,5,816.0,1636,442,2078,2084,0,0,2084,1,0,2,0,2,1,7,1,3,1220,6,385000
45,50.0,6130,Pave,5,6,0.0,784,0,784,784,0,0,784,1,0,1,0,2,1,5,0,0,0,5,109500
20,65.0,8529,Pave,7,5,0.0,20,1434,1454,1434,0,0,1434,0,0,2,0,3,1,6,1,2,527,4,189000
60,,28698,Pave,5,5,0.0,249,0,1013,1160,966,0,2126,0,1,2,1,3,1,7,0,2,538,6,185000
160,24.0,2544,Pave,7,5,0.0,0,600,600,520,623,80,1223,0,0,2,1,2,1,4,0,2,480,7,147400
20,80.0,11900,Pave,6,5,387.0,1040,352,1392,1392,0,0,1392,1,0,1,1,3,1,6,2,2,458,6,166000
160,30.0,3180,Pave,7,5,0.0,0,600,600,520,600,80,1200,0,0,2,1,2,1,4,0,2,480,6,151000
60,44.0,9548,Pave,7,6,223.0,483,458,941,941,888,0,1829,1,0,2,1,3,1,7,1,2,613,1,237000
20,100.0,10004,Pave,6,6,180.0,196,975,1516,1516,0,0,1516,0,0,1,1,3,1,6,0,2,472,2,167000
20,75.0,7875,Pave,5,6,136.0,572,572,1144,1144,0,0,1144,1,0,1,0,3,1,6,0,2,456,9,139950
20,60.0,9600,Pave,4,7,0.0,442,625,1067,1067,0,0,1067,0,0,2,0,2,1,4,0,2,436,2,128000
30,90.0,8100,Pave,5,6,0.0,338,1221,1559,1559,0,0,1559,1,0,1,0,2,1,5,0,2,812,6,153500
160,21.0,1680,Pave,6,5,158.0,330,153,483,483,504,0,987,1,0,1,1,2,1,5,0,1,264,11,100000
20,75.0,9525,Pave,5,6,0.0,0,1099,1099,1099,0,0,1099,0,0,1,1,3,1,6,0,1,352,6,144000
50,70.0,11767,Pave,5,6,0.0,352,416,768,768,432,0,1200,0,0,1,0,3,1,6,0,1,240,5,130500
70,,12155,Pave,6,8,0.0,156,516,672,810,672,0,1482,0,0,2,0,4,1,7,0,1,400,3,140000
70,60.0,10440,Pave,5,8,0.0,0,650,650,958,581,0,1539,0,0,2,0,3,1,8,1,2,686,6,157500
80,82.0,9020,Pave,6,7,183.0,312,276,1127,1165,0,0,1165,1,0,1,1,3,1,6,0,2,490,5,174900
90,80.0,8000,Pave,5,4,0.0,0,1800,1800,1800,0,0,1800,0,0,2,0,6,2,10,0,0,0,7,141000
50,100.0,12665,Pave,5,8,0.0,0,876,876,876,540,0,1416,0,0,1,1,4,1,7,1,3,720,6,153900
85,,16647,Pave,5,5,0.0,1390,0,1390,1701,0,0,1701,1,0,2,0,3,1,6,2,2,611,1,171000
60,75.0,9317,Pave,7,5,137.0,513,227,740,1006,769,0,1775,1,0,2,1,3,1,7,1,2,425,7,213000
20,36.0,15523,Pave,5,6,0.0,460,404,864,864,0,0,864,1,0,1,0,3,1,5,1,1,338,8,133500
50,75.0,45600,Pave,6,8,0.0,0,907,907,1307,1051,0,2358,0,0,3,0,5,1,10,1,2,360,9,240000
80,80.0,9600,Pave,6,7,360.0,0,528,528,1094,761,0,1855,0,0,2,1,3,1,7,1,2,512,8,187000
120,36.0,4435,Pave,6,5,170.0,659,189,848,848,0,0,848,1,0,1,0,1,1,3,0,2,420,11,131500
120,,3196,Pave,8,5,40.0,0,1273,1273,1456,0,0,1456,0,0,2,0,2,1,7,1,2,400,5,215000
75,53.0,7128,Pave,7,5,0.0,364,554,918,918,728,0,1646,0,0,2,0,4,1,7,2,1,240,8,164000
80,,12095,Pave,6,6,115.0,564,563,1127,1445,0,0,1445,0,0,1,1,3,1,7,1,2,645,8,158000
20,102.0,17920,Pave,5,4,0.0,306,372,1763,1779,0,0,1779,1,0,1,1,3,1,6,1,2,454,7,170000
20,,6897,Pave,5,8,0.0,659,381,1040,1040,0,0,1040,1,0,1,1,3,1,6,0,1,260,4,127000
80,,10970,Pave,6,6,0.0,505,0,940,1026,0,0,1026,1,0,1,0,3,1,5,0,2,576,10,147000
60,65.0,8125,Pave,6,5,0.0,0,702,702,702,779,0,1481,0,0,2,1,3,1,6,1,2,343,3,174000
20,80.0,10400,Pave,7,5,189.0,0,1090,1090,1370,0,0,1370,0,0,2,0,3,1,6,1,2,479,6,152000
60,,11029,Pave,6,7,220.0,619,435,1054,1512,1142,0,2654,1,0,2,1,4,1,9,1,2,619,8,250000
50,55.0,7642,Pave,7,8,0.0,0,912,912,912,514,0,1426,0,0,1,1,3,1,7,1,1,216,6,189950
190,75.0,11625,Pave,5,4,0.0,841,198,1039,1039,0,0,1039,1,0,1,1,3,1,6,0,2,504,4,131500
20,81.0,9672,Pave,6,5,0.0,338,702,1040,1097,0,0,1097,0,0,2,0,3,1,6,0,2,480,5,152000
20,70.0,7931,Pave,5,5,0.0,1148,0,1148,1148,0,0,1148,1,0,1,0,3,1,6,0,1,672,7,132500
20,72.0,8640,Pave,7,5,0.0,0,1372,1372,1372,0,0,1372,0,0,2,0,3,1,6,0,2,529,5,250580
20,,8750,Pave,5,6,76.0,828,174,1002,1002,0,0,1002,1,0,1,0,3,1,5,0,2,902,8,148500
20,67.0,10656,Pave,8,5,274.0,0,1638,1638,1646,0,0,1646,0,0,2,0,3,1,6,1,3,870,11,248900
20,85.0,6970,Pave,4,5,0.0,932,108,1040,1120,0,0,1120,1,0,1,1,3,1,5,0,2,544,5,129000
60,,14762,Pave,5,6,0.0,0,0,0,1547,720,53,2320,0,0,2,0,2,1,7,1,2,672,5,169000
60,80.0,9938,Pave,7,5,246.0,750,300,1050,1062,887,0,1949,1,0,2,1,3,1,8,1,2,574,6,236000
20,60.0,6600,Pave,5,5,0.0,0,894,894,894,0,0,894,0,0,1,0,2,1,5,0,1,308,8,109500
60,70.0,8750,Pave,6,5,116.0,505,299,804,804,878,0,1682,0,0,2,1,3,1,7,0,2,523,6,200500
20,74.0,8892,Pave,5,7,0.0,0,105,105,910,0,0,910,0,0,1,0,3,1,5,0,2,414,10,116000
40,60.0,12144,Pave,5,7,0.0,375,457,832,1036,0,232,1268,0,0,1,0,3,1,6,1,1,288,9,133000
50,52.0,5720,Pave,5,6,0.0,0,676,676,676,455,0,1131,0,0,1,1,3,1,5,0,1,200,8,66500
60,75.0,9000,Pave,8,5,0.0,64,1120,1184,1184,1426,0,2610,0,0,2,1,4,1,11,1,2,550,8,303477
20,94.0,25286,Pave,4,5,0.0,633,431,1064,1040,0,0,1040,1,0,1,0,3,1,5,0,2,648,1,132250
60,74.0,8834,Pave,9,5,216.0,1170,292,1462,1462,762,0,2224,1,0,2,1,4,1,10,1,3,738,6,350000
85,88.0,11782,Pave,5,7,0.0,899,210,1109,1155,0,0,1155,1,0,1,0,3,1,6,0,2,576,6,148000
20,,7000,Pave,5,8,90.0,646,218,864,864,0,0,864,1,0,1,0,3,1,6,0,1,336,7,136500
20,60.0,7024,Pave,5,5,0.0,980,110,1090,1090,0,0,1090,1,0,1,1,2,1,5,0,2,450,6,157000
50,44.0,13758,Pave,7,5,117.0,902,254,1156,1187,530,0,1717,0,0,2,1,3,1,7,1,2,400,4,187500
60,,9636,Pave,6,5,0.0,0,808,808,808,785,0,1593,0,0,2,1,3,1,7,1,2,389,12,178000
75,60.0,6204,Pave,4,5,0.0,0,795,795,954,795,481,2230,1,0,1,0,5,1,10,0,1,440,3,118500
20,65.0,7150,Pave,5,5,60.0,432,460,892,892,0,0,892,0,0,1,0,3,1,5,0,1,288,7,100000
120,50.0,5119,Pave,9,5,60.0,1238,460,1698,1709,0,0,1709,1,0,2,0,2,1,5,1,2,506,1,328900
90,70.0,8393,Pave,5,5,122.0,528,1098,1626,1712,0,0,1712,0,0,2,0,4,2,8,0,2,588,6,145000
50,59.0,16466,Pave,5,7,0.0,0,816,816,872,521,0,1393,0,0,1,1,3,1,8,0,1,300,4,135500
20,95.0,15865,Pave,8,6,0.0,351,1043,2217,2217,0,0,2217,1,0,2,0,4,1,8,1,2,621,10,268000
20,128.0,12160,Pave,6,4,90.0,1024,481,1505,1505,0,0,1505,1,0,1,0,2,1,6,1,2,505,2,149500
50,60.0,8064,Pave,5,7,0.0,0,672,672,672,252,0,924,0,0,1,0,3,1,6,1,2,576,7,122900
60,70.0,11184,Pave,6,5,92.0,226,192,918,918,765,0,1683,0,0,2,1,3,1,7,1,2,440,7,172500
20,70.0,8414,Pave,6,8,0.0,663,396,1059,1068,0,0,1068,0,1,1,0,3,1,6,0,1,264,2,154500
20,,13284,Pave,5,5,0.0,1064,319,1383,1383,0,0,1383,1,0,1,0,3,1,6,1,1,354,6,165000
90,64.0,7018,Pave,5,5,0.0,0,0,0,1535,0,0,1535,0,0,2,0,4,2,8,0,2,400,6,118858
60,71.0,7056,Pave,6,5,415.0,400,380,780,983,813,0,1796,1,0,1,1,4,1,8,1,2,483,10,140000
30,50.0,8765,Pave,4,6,0.0,285,666,951,951,0,0,951,0,0,1,0,2,1,6,0,1,327,4,106500
90,64.0,7018,Pave,5,5,0.0,0,0,0,1120,1120,0,2240,0,0,2,0,6,2,12,0,2,528,6,142953
20,100.0,12919,Pave,9,5,760.0,2188,142,2330,2364,0,0,2364,1,0,2,1,2,1,11,2,3,820,3,611657
20,65.0,6993,Pave,5,7,0.0,465,447,912,1236,0,0,1236,0,0,1,0,3,1,6,1,1,288,6,135000
20,,7340,Pave,4,6,0.0,322,536,858,858,0,0,858,0,0,1,0,2,1,4,0,1,684,6,110000
20,64.0,8712,Pave,5,7,0.0,860,132,992,1306,0,0,1306,1,0,1,0,2,1,5,0,1,756,5,153000
60,63.0,7875,Pave,7,5,0.0,0,783,783,807,702,0,1509,0,0,2,1,3,1,8,1,2,393,7,180000
20,50.0,14859,Pave,7,5,27.0,0,1670,1670,1670,0,0,1670,0,0,2,0,3,1,7,1,3,690,8,240000
20,,6173,Pave,5,6,75.0,599,277,876,902,0,0,902,0,0,1,0,3,1,6,0,1,288,8,125500
20,80.0,9920,Pave,5,5,110.0,354,412,1056,1063,0,0,1063,1,0,1,0,3,1,6,0,1,280,2,128000
20,116.0,13501,Pave,8,5,208.0,63,1560,1623,1636,0,0,1636,1,0,2,0,3,1,8,1,3,865,6,255000
50,86.0,11500,Pave,7,7,0.0,223,794,1017,1020,1037,0,2057,0,0,1,1,3,1,6,1,1,180,6,250000
20,,8885,Pave,5,5,0.0,301,239,864,902,0,0,902,1,0,1,0,2,1,5,0,2,484,6,131000
60,149.0,12589,Pave,6,5,0.0,0,742,742,742,742,0,1484,0,0,2,1,3,1,8,1,2,390,6,174000
90,80.0,11600,Pave,5,5,361.0,443,662,1105,1105,1169,0,2274,0,0,2,0,5,2,12,0,2,480,1,154300
20,,9286,Pave,5,7,0.0,196,1072,1268,1268,0,0,1268,0,0,1,1,3,1,5,0,1,252,10,143500
30,51.0,6120,Pave,5,7,0.0,489,279,768,1015,0,0,1015,0,0,1,0,3,1,6,0,1,450,7,88000
90,82.0,6270,Pave,5,6,0.0,284,717,1001,1001,1001,0,2002,0,0,2,0,4,2,8,0,3,871,8,145000
160,30.0,3000,Pave,6,5,76.0,294,318,612,612,612,0,1224,0,0,2,1,2,1,4,0,2,528,6,173733
160,21.0,2001,Pave,4,5,80.0,0,546,546,546,546,0,1092,0,0,1,1,3,1,6,0,1,286,1,75000
20,50.0,9000,Pave,2,3,0.0,50,430,480,480,0,0,480,1,0,0,0,1,1,4,0,1,308,10,35311
20,,17140,Pave,4,6,0.0,1059,75,1134,1229,0,0,1229,0,0,1,0,3,1,6,0,1,284,4,135000
60,103.0,13125,Pave,7,5,0.0,48,422,1104,912,1215,0,2127,1,0,2,1,4,1,8,1,3,833,11,238000
20,87.0,11029,Pave,6,8,0.0,528,245,1184,1414,0,0,1414,1,0,1,0,3,1,6,1,2,601,5,176500
60,70.0,8462,Pave,6,5,105.0,814,114,928,936,785,0,1721,0,1,2,1,3,1,7,0,2,471,7,201000
90,67.0,8777,Pave,5,7,0.0,1084,188,1272,1272,928,0,2200,2,0,2,2,4,2,9,0,0,0,9,145900
20,65.0,10237,Pave,6,5,0.0,28,1288,1316,1316,0,0,1316,0,0,2,0,3,1,6,1,2,397,10,169990
120,50.0,8012,Pave,6,5,0.0,165,598,1604,1617,0,0,1617,1,0,2,0,2,1,5,1,2,533,7,193000
20,79.0,10240,Pave,6,6,157.0,625,0,1686,1686,0,0,1686,1,0,2,0,3,1,7,1,2,612,5,207500
20,,15611,Pave,5,6,0.0,767,266,1126,1126,0,0,1126,0,1,2,0,3,1,6,0,2,540,3,175000
60,93.0,11999,Pave,8,5,340.0,0,1181,1181,1234,1140,0,2374,0,0,2,1,4,1,10,1,3,656,5,285000
60,,9900,Pave,7,5,342.0,552,280,832,1098,880,0,1978,0,0,2,1,4,1,9,1,2,486,4,176000
20,,11838,Pave,8,5,0.0,0,1753,1753,1788,0,0,1788,0,0,2,0,3,1,7,1,2,522,6,236500
60,,13006,Pave,7,5,285.0,0,964,964,993,1243,0,2236,0,0,2,1,4,1,8,1,2,642,11,222000
20,73.0,8925,Pave,8,5,0.0,16,1450,1466,1466,0,0,1466,0,0,2,0,3,1,7,0,3,610,7,201000
20,70.0,9100,Pave,5,6,0.0,338,121,925,925,0,0,925,0,1,1,0,2,1,5,0,1,429,7,117500
20,84.0,11670,Pave,9,5,302.0,0,1905,1905,1905,0,0,1905,0,0,2,0,3,1,8,1,3,788,3,320000
20,63.0,8487,Pave,7,5,210.0,20,1480,1500,1500,0,0,1500,0,0,2,0,3,1,6,0,2,570,8,190000
20,313.0,27650,Pave,7,7,0.0,425,160,585,2069,0,0,2069,1,0,2,0,4,1,9,1,2,505,11,242000
30,52.0,5825,Pave,4,5,108.0,0,600,600,747,0,0,747,0,0,1,0,1,1,5,0,2,528,6,79900
20,67.0,10083,Pave,7,5,,833,343,1176,1200,0,0,1200,1,0,2,0,2,1,5,0,2,555,8,184900
60,75.0,9675,Pave,7,5,0.0,341,772,1113,1113,858,0,1971,0,0,2,1,3,1,8,1,2,689,2,253000
60,73.0,8760,Pave,7,5,0.0,464,927,1391,1391,571,0,1962,0,0,2,1,3,1,7,0,3,868,8,239799
70,,24090,Pave,7,7,0.0,0,1032,1032,1207,1196,0,2403,0,0,2,0,4,1,10,2,1,349,6,244400
90,55.0,12640,Pave,6,5,0.0,936,396,1728,1728,0,0,1728,0,0,2,0,4,2,8,0,2,574,7,150900
60,,8755,Pave,7,5,298.0,772,220,992,1022,1038,0,2060,1,0,2,1,3,1,8,1,2,390,6,214000
90,42.0,7711,Pave,4,3,0.0,1440,0,1440,1440,0,0,1440,2,0,2,0,4,2,8,0,0,0,8,150000
90,100.0,25000,Pave,5,4,0.0,0,1632,1632,1632,0,0,1632,0,0,2,0,4,2,8,0,2,576,6,143000
20,,14375,Pave,6,6,541.0,111,354,819,1344,0,0,1344,0,1,1,0,3,1,7,1,2,525,1,137500
50,98.0,8820,Pave,5,6,0.0,1088,0,1088,1188,561,120,1869,0,0,1,0,2,1,7,0,2,456,9,124900
80,70.0,8163,Pave,5,6,128.0,748,102,1144,1144,0,0,1144,1,0,1,0,3,1,6,1,1,796,3,143000
20,85.0,14536,Pave,8,5,236.0,1300,316,1616,1629,0,0,1629,1,0,2,0,3,1,9,1,3,808,11,270000
60,65.0,14006,Pave,7,5,144.0,0,936,936,936,840,0,1776,0,0,2,1,3,1,7,1,2,474,2,192500
20,78.0,9360,Pave,6,7,0.0,982,179,1161,1381,0,0,1381,1,0,1,1,3,1,5,1,2,676,3,197500
20,60.0,7200,Pave,5,8,0.0,398,317,864,864,0,0,864,1,0,1,0,3,1,5,0,2,720,7,129000
20,60.0,7800,Pave,5,5,0.0,641,187,828,965,0,0,965,1,0,1,0,3,1,6,0,1,300,7,119900
85,60.0,7200,Pave,5,8,0.0,660,108,768,768,0,0,768,0,1,1,0,2,1,5,0,1,396,4,133900
60,,11075,Pave,5,4,232.0,562,29,784,1168,800,0,1968,0,1,2,1,4,1,7,1,2,530,9,172000
90,35.0,9400,Pave,6,5,250.0,945,0,945,980,0,0,980,0,2,2,0,4,0,4,0,0,0,10,127500
90,82.0,7136,Pave,6,6,423.0,484,495,979,979,979,0,1958,0,0,2,0,4,2,8,0,2,492,8,145000
160,24.0,1300,Pave,6,6,0.0,285,276,561,561,668,0,1229,0,0,1,1,2,1,5,1,2,462,5,124000
20,70.0,7420,Pave,5,5,0.0,417,640,1057,1057,0,0,1057,0,0,1,0,3,1,6,0,2,576,4,132000
20,65.0,8450,Pave,7,5,0.0,699,638,1337,1337,0,0,1337,1,0,2,0,3,1,6,0,2,531,10,185000
160,24.0,2572,Pave,7,5,0.0,604,92,696,696,720,0,1416,1,0,2,1,3,1,6,0,2,484,5,155000
20,50.0,7207,Pave,5,7,0.0,696,162,858,858,0,0,858,1,0,1,0,2,1,4,0,0,0,2,116500
60,,12227,Pave,6,7,424.0,896,434,1330,1542,1330,0,2872,1,0,2,1,4,1,11,1,2,619,7,272000
160,24.0,2308,Pave,6,6,0.0,556,248,804,804,744,0,1548,1,0,2,1,3,1,7,1,2,440,7,155000
20,122.0,11923,Pave,9,5,0.0,0,1800,1800,1800,0,0,1800,0,0,2,0,2,1,7,0,2,702,5,239000
60,80.0,11316,Pave,7,5,44.0,624,193,817,824,1070,0,1894,1,0,2,1,4,1,8,1,2,510,2,214900
60,65.0,10237,Pave,6,5,0.0,0,783,783,783,701,0,1484,0,0,2,1,3,1,8,1,2,393,7,178900
50,130.0,9600,Pave,5,7,0.0,428,300,728,976,332,0,1308,1,0,1,1,2,1,7,2,1,256,6,160000
20,,7390,Pave,5,7,151.0,902,196,1098,1098,0,0,1098,1,0,1,0,3,1,6,0,1,260,7,135000
50,50.0,5925,Pave,3,6,0.0,0,600,600,600,368,0,968,0,0,1,0,2,1,6,0,0,0,5,37900
190,75.0,10382,Pave,6,5,105.0,513,75,588,1095,0,0,1095,1,0,1,0,2,1,6,0,1,264,3,140000
50,60.0,10800,Pave,4,4,0.0,0,720,720,720,472,0,1192,0,0,1,1,4,1,6,0,0,0,12,135000
160,36.0,2268,Pave,7,5,106.0,567,197,764,764,862,0,1626,0,0,2,0,2,1,6,0,2,474,7,173000
120,55.0,7892,Pave,6,5,0.0,0,918,918,918,0,0,918,0,0,2,0,2,1,5,1,1,264,4,99500
20,95.0,11639,Pave,7,5,,0,1428,1428,1428,0,0,1428,0,0,2,0,3,1,6,0,2,480,12,182000
70,60.0,11414,Pave,7,8,0.0,0,728,728,1136,883,0,2019,0,0,1,0,3,1,8,0,2,532,10,167500
160,,2651,Pave,7,5,0.0,641,32,673,673,709,0,1382,1,0,2,1,3,1,6,0,2,490,4,165000
30,51.0,5900,Pave,4,7,0.0,0,440,440,869,0,0,869,0,0,1,0,2,1,4,0,0,0,8,85500
120,35.0,4274,Pave,7,5,,1106,135,1241,1241,0,0,1241,1,0,1,1,1,1,4,0,2,569,11,199900
20,68.0,9450,Pave,4,5,0.0,552,342,894,894,0,0,894,0,0,1,0,3,1,5,0,2,400,5,110000
20,80.0,8816,Pave,5,6,0.0,651,470,1121,1121,0,0,1121,1,0,1,0,3,1,5,0,2,480,6,139000
85,,12122,Pave,7,9,210.0,867,77,944,999,0,0,999,1,0,1,0,3,1,6,0,2,588,7,178400
60,98.0,12203,Pave,8,5,975.0,854,371,1225,1276,1336,0,2612,1,0,2,1,4,1,8,1,3,676,7,336000
20,43.0,3182,Pave,7,5,16.0,0,1266,1266,1266,0,0,1266,0,0,2,0,2,1,6,1,2,388,3,159895
60,,11250,Pave,8,5,0.0,0,1128,1128,1149,1141,0,2290,0,0,2,1,4,1,9,1,2,779,5,255900
90,75.0,10125,Pave,5,5,0.0,0,0,0,1302,432,0,1734,0,0,2,0,4,2,8,0,2,539,8,126000
190,68.0,10880,Pave,5,5,0.0,1040,124,1164,1164,0,0,1164,1,0,1,0,3,1,5,0,1,240,8,125000
50,59.0,5310,Pave,6,8,0.0,0,485,485,1001,634,0,1635,0,0,1,0,2,1,5,0,1,255,6,117000
20,83.0,10159,Pave,9,5,450.0,1646,284,1930,1940,0,0,1940,1,0,2,1,3,1,8,1,3,606,4,395192
60,,12046,Pave,6,6,298.0,156,692,848,1118,912,0,2030,0,0,2,1,4,1,8,1,2,551,6,195000
60,65.0,8125,Pave,7,5,0.0,0,770,770,778,798,0,1576,0,0,2,1,3,1,6,0,2,614,8,197000
60,82.0,9452,Pave,8,5,423.0,1074,322,1396,1407,985,0,2392,1,0,2,1,3,1,7,1,3,870,6,348000
70,121.0,17671,Pave,8,9,0.0,216,700,916,916,826,0,1742,0,0,1,1,4,1,8,1,2,424,11,168000
60,80.0,9760,Pave,6,8,340.0,536,169,822,1020,831,0,1851,0,0,2,1,3,1,7,1,2,440,7,187000
60,68.0,8846,Pave,6,5,0.0,0,750,750,750,750,0,1500,0,0,2,1,3,1,6,0,2,564,8,173900
20,96.0,12456,Pave,10,5,230.0,1172,528,1700,1718,0,0,1718,1,0,2,0,3,1,7,1,3,786,7,337500
50,51.0,4712,Pave,4,7,0.0,384,363,747,774,456,0,1230,1,0,1,1,3,1,5,0,1,305,8,121600
20,,10659,Pave,5,6,0.0,915,135,1050,1050,0,0,1050,1,0,1,0,3,1,6,0,1,368,1,136500
20,,11717,Pave,6,6,571.0,0,1442,1442,1442,0,0,1442,0,0,2,0,2,1,6,1,2,615,2,185000
30,60.0,9786,Pave,3,4,0.0,0,1007,1007,1077,0,0,1077,0,0,1,0,3,1,6,1,1,210,5,91000
20,64.0,6762,Pave,7,5,24.0,686,501,1187,1208,0,0,1208,1,0,2,0,2,1,6,0,2,632,2,206000
